"Query String","Search Type","Search Result","Search Result Message","Canonical SMILES","MolPort ID","Verified amount (mg)","Unverified amount (mg)","Link"
"CN(CCCn1c(=O)nc(c2c1CCCC2)SCC(=O)Nc1cccc(c1)C)C","EXACT","FOUND","Search completed!","CN(C)CCCn1c2CCCCc2c(SCC(=O)Nc2cccc(C)c2)nc1=O","MolPort-003-151-994",100,100,"https://www.molport.com/shop/molecule-link/MolPort-003-151-994"
"CCOC(=O)c1ccc(cc1)S(=O)(=O)NCc1cccnc1N(C)C","EXACT","FOUND","Search completed!","CCOC(=O)c1ccc(cc1)S(=O)(=O)NCc1cccnc1N(C)C","MolPort-009-310-499",40,40,"https://www.molport.com/shop/molecule-link/MolPort-009-310-499"
"O=C1CC(C)(C)CC(=O)C1=NNc1c(F)cccc1F","EXACT","FOUND","Search completed!","CC1(C)CC(=O)C(=NNc2c(F)cccc2F)C(=O)C1","MolPort-002-895-402",1500,1500,"https://www.molport.com/shop/molecule-link/MolPort-002-895-402"
"COc1ccccc1C(=O)NC(=O)COc1cc(Cl)ccc1Cl","EXACT","FOUND","Search completed!","COc1ccccc1C(=O)NC(=O)COc1cc(Cl)ccc1Cl","MolPort-009-209-398",100,100,"https://www.molport.com/shop/molecule-link/MolPort-009-209-398"
"Cc1nnc(s1)NC(=O)c1cc(=O)c2c(o1)c(C)c(cc2)C","EXACT","FOUND","Search completed!","Cc1nnc(NC(=O)c2cc(=O)c3ccc(C)c(C)c3o2)s1","MolPort-000-521-936",100,100,"https://www.molport.com/shop/molecule-link/MolPort-000-521-936"
"O=C(NC(c1ccccc1)C)CN1CCN(CC1)S(=O)(=O)c1cc(C)ccc1C","EXACT","FOUND","Search completed!","CC(NC(=O)CN1CCN(CC1)S(=O)(=O)c1cc(C)ccc1C)c1ccccc1","MolPort-004-112-503",100,100,"https://www.molport.com/shop/molecule-link/MolPort-004-112-503"
"O=C(c1cc[nH]n1)N1CCC(CC1)Nc1ccc(nn1)C","EXACT","FOUND","Search completed!","Cc1ccc(NC2CCN(CC2)C(=O)c2cc[nH]n2)nn1","MolPort-020-021-751",50,50,"https://www.molport.com/shop/molecule-link/MolPort-020-021-751"
"CCOc1ccc(cc1CN1C(=O)NC(C1=O)(C)C1CC1)C(=O)C","EXACT","FOUND","Search completed!","CCOc1ccc(cc1CN1C(=O)NC(C)(C2CC2)C1=O)C(C)=O","MolPort-004-076-079",75,75,"https://www.molport.com/shop/molecule-link/MolPort-004-076-079"
"NCc1ccccc1CS(=O)(=O)N1CCOCC1","EXACT","FOUND","Search completed!","NCc1ccccc1CS(=O)(=O)N1CCOCC1","MolPort-002-471-023",10000,10000,"https://www.molport.com/shop/molecule-link/MolPort-002-471-023"
"COc1ccc(c(c1)[N+](=O)[O-])NC(=O)COc1ccc(cc1Cl)Cl","EXACT","FOUND","Search completed!","COc1ccc(NC(=O)COc2ccc(Cl)cc2Cl)c(c1)[N+]([O-])=O","MolPort-002-145-827",400,400,"https://www.molport.com/shop/molecule-link/MolPort-002-145-827"
"Clc1ccc(cc1)/C(=N/N1CCN(CC1)Cc1ccccc1)/C","ISOMER","FOUND","Search completed!","C\C(=N\N1CCN(Cc2ccccc2)CC1)c1ccc(Cl)cc1","MolPort-001-823-322",100,100,"https://www.molport.com/shop/molecule-link/MolPort-001-823-322"
"O1CCN(CC1)c1nsnc1OCc1ccccc1","EXACT","FOUND","Search completed!","C(Oc1nsnc1N1CCOCC1)c1ccccc1","MolPort-000-466-441",20,20,"https://www.molport.com/shop/molecule-link/MolPort-000-466-441"
"[O-][N+](=O)c1c(C)c(N)c(c(c1C)[N+](=O)[O-])C","EXACT","FOUND","Search completed!","Cc1c(N)c(C)c(c(C)c1[N+]([O-])=O)[N+]([O-])=O","MolPort-001-934-011",400,400,"https://www.molport.com/shop/molecule-link/MolPort-001-934-011"
"O=C(c1c(O)c2ccccc2n(c1=O)C)Nc1nccs1","EXACT","FOUND","Search completed!","Cn1c2ccccc2c(O)c(C(=O)Nc2nccs2)c1=O","MolPort-001-731-763",100,100,"https://www.molport.com/shop/molecule-link/MolPort-001-731-763"
"O1CCN(CC1)Cc1nc2ccccc2c2n1c1ccccc1n2","EXACT","FOUND","Search completed!","C(N1CCOCC1)c1nc2ccccc2c2nc3ccccc3n12","MolPort-000-271-980",600,600,"https://www.molport.com/shop/molecule-link/MolPort-000-271-980"
"COc1ccc(cc1NC(C(=O)c1c[nH]c2c1cccc2)C)C","EXACT","FOUND","Search completed!","COc1ccc(C)cc1NC(C)C(=O)c1c[nH]c2ccccc12","MolPort-005-557-982",100,100,"https://www.molport.com/shop/molecule-link/MolPort-005-557-982"
"O=C(C1=C(O)[C@H]2[C@]34[C@](C1)(O)[C@@H](Cc1c4c(O2)c(O)cc1)N(CC3)CC1CC1)NC(c1onc(n1)c1ccccc1)(C)C","EXACT","FOUND","Search completed!","CC(C)(NC(=O)C1=C(O)[C@@H]2Oc3c4c(C[C@H]5N(CC6CC6)CC[C@@]24[C@@]5(O)C1)ccc3O)c1nc(no1)-c1ccccc1","MolPort-046-590-015",0,0,"https://www.molport.com/shop/molecule-link/MolPort-046-590-015"
"COc1ccccc1N1CCN(CC1)CCCCN1C(=O)c2c(C1=O)cccc2.Br","EXACT","FOUND","Search completed!","Br.COc1ccccc1N1CCN(CCCCN2C(=O)c3ccccc3C2=O)CC1","MolPort-003-958-974",200,250,"https://www.molport.com/shop/molecule-link/MolPort-003-958-974"
"COCCCNC(=O)CN(S(=O)(=O)C)c1cc(ccc1Cl)C(F)(F)F","EXACT","FOUND","Search completed!","COCCCNC(=O)CN(c1cc(ccc1Cl)C(F)(F)F)S(C)(=O)=O","MolPort-002-222-665",200,200,"https://www.molport.com/shop/molecule-link/MolPort-002-222-665"
"CC(CC(=O)Nc1ccc(cc1)N1CCOCC1)C","EXACT","FOUND","Search completed!","CC(C)CC(=O)Nc1ccc(cc1)N1CCOCC1","MolPort-002-850-474",100,100,"https://www.molport.com/shop/molecule-link/MolPort-002-850-474"
"CCN(CCCCN1c2ccccc2Sc2c1cccc2)CC.Cl","EXACT","FOUND","Search completed!","Cl.CCN(CC)CCCCN1c2ccccc2Sc2ccccc12","MolPort-002-137-939",5,5,"https://www.molport.com/shop/molecule-link/MolPort-002-137-939"
"COc1ccc(cc1)CNC(=O)CN(S(=O)(=O)c1ccc(s1)Br)C","EXACT","FOUND","Search completed!","COc1ccc(CNC(=O)CN(C)S(=O)(=O)c2ccc(Br)s2)cc1","MolPort-007-611-616",2,2,"https://www.molport.com/shop/molecule-link/MolPort-007-611-616"
"Fc1cccc(c1)C1(N)CCCCC1.[Cl-]","EXACT","FOUND","Search completed!","NC1(CCCCC1)c1cccc(F)c1","MolPort-013-255-627",40000,40000,"https://www.molport.com/shop/molecule-link/MolPort-013-255-627"
"Fc1cccc(c1)C1(N)CCCCC1.Cl","EXACT","FOUND","Search completed!","NC1(CCCCC1)c1cccc(F)c1","MolPort-013-255-627",40000,40000,"https://www.molport.com/shop/molecule-link/MolPort-013-255-627"
"CC(NC(=O)C1(CC1)c1ccccc1)Cn1cncc1","EXACT","FOUND","Search completed!","CC(Cn1ccnc1)NC(=O)C1(CC1)c1ccccc1","MolPort-020-112-762",100,100,"https://www.molport.com/shop/molecule-link/MolPort-020-112-762"
"CC(=O)NC(=O)c1cc2cc(Cl)cc(c2oc1=Nc1ccc(cc1)F)Cl","ISOMER","FOUND","Search completed!","CC(=O)NC(=O)c1cc2cc(Cl)cc(Cl)c2o\c1=N/c1ccc(F)cc1","MolPort-003-717-805",100,100,"https://www.molport.com/shop/molecule-link/MolPort-003-717-805"
"CCCc1n[nH]c2c1C(C(=C(O2)N)C#N)c1ccc(cc1OC)OC","EXACT","FOUND","Search completed!","CCCc1n[nH]c2OC(N)=C(C#N)C(c12)c1ccc(OC)cc1OC","MolPort-000-437-367",400,400,"https://www.molport.com/shop/molecule-link/MolPort-000-437-367"
"Clc1ccc2c(c1)C(=NCc1n2cnn1)c1ccccc1Cl","EXACT","FOUND","Search completed!","Clc1ccc-2c(c1)C(=NCc1nncn-21)c1ccccc1Cl","MolPort-002-800-934",500,500,"https://www.molport.com/shop/molecule-link/MolPort-002-800-934"
"Clc1ccc(cc1)c1nnn[nH]1","EXACT","FOUND","Search completed!","Clc1ccc(cc1)-c1nn[nH]n1","MolPort-001-002-696",100000,100000,"https://www.molport.com/shop/molecule-link/MolPort-001-002-696"
"O=C(Nc1ncccc1C)Nc1cccc(c1)F","EXACT","FOUND","Search completed!","Cc1cccnc1NC(=O)Nc1cccc(F)c1","MolPort-001-890-811",100,100,"https://www.molport.com/shop/molecule-link/MolPort-001-890-811"
"CCOC(=O)c1cnc2n(c1=O)ccc(c2)C","EXACT","FOUND","Search completed!","CCOC(=O)c1cnc2cc(C)ccn2c1=O","MolPort-001-909-904",1000,10000,"https://www.molport.com/shop/molecule-link/MolPort-001-909-904"
"O=C1N(Cc2cccnc2)C(=O)C2C1CC1=C(C2)CCCC1(C)C","EXACT","FOUND","Search completed!","CC1(C)CCCC2=C1CC1C(C2)C(=O)N(Cc2cccnc2)C1=O","MolPort-002-087-709",10,10,"https://www.molport.com/shop/molecule-link/MolPort-002-087-709"
"COC(=O)c1ccc(c(c1)NC(=O)COc1ccc(cc1)C12CC3CC(C2)CC(C1)C3)O","EXACT","FOUND","Search completed!","COC(=O)c1ccc(O)c(NC(=O)COc2ccc(cc2)C23CC4CC(CC(C4)C2)C3)c1","MolPort-003-791-494",3,100,"https://www.molport.com/shop/molecule-link/MolPort-003-791-494"
"CC1CCN(CC1)S(=O)(=O)c1csc(c1)C(=O)Nc1ccccc1","EXACT","FOUND","Search completed!","CC1CCN(CC1)S(=O)(=O)c1csc(c1)C(=O)Nc1ccccc1","MolPort-002-008-080",100,100,"https://www.molport.com/shop/molecule-link/MolPort-002-008-080"
"[O-][N+](=O)c1cccc2c1ncc(c2O)C(=O)O","EXACT","FOUND","Search completed!","OC(=O)c1cnc2c(cccc2c1O)[N+]([O-])=O","MolPort-002-486-320",2500,2500,"https://www.molport.com/shop/molecule-link/MolPort-002-486-320"
"O=C(Cc1coc2c1ccc(c2)C)OCc1csc(n1)C","EXACT","FOUND","Search completed!","Cc1nc(COC(=O)Cc2coc3cc(C)ccc23)cs1","MolPort-004-166-326",100,100,"https://www.molport.com/shop/molecule-link/MolPort-004-166-326"
"O=C(NCc1ccccc1Cl)CCCn1c(=O)c2ccccc2n(c1=O)Cc1ccc(cc1)Cl","EXACT","FOUND","Search completed!","Clc1ccc(Cn2c3ccccc3c(=O)n(CCCC(=O)NCc3ccccc3Cl)c2=O)cc1","MolPort-007-609-435",100,100,"https://www.molport.com/shop/molecule-link/MolPort-007-609-435"
"Clc1ccc(c(c1)Cl)c1csc(n1)Nc1ccc(cc1)S(=O)(=O)N","EXACT","FOUND","Search completed!","NS(=O)(=O)c1ccc(Nc2nc(cs2)-c2ccc(Cl)cc2Cl)cc1","MolPort-002-275-102",20,20,"https://www.molport.com/shop/molecule-link/MolPort-002-275-102"
"CCOC(=O)C(N1CC(=O)N(C1=O)c1ccccc1)C","EXACT","FOUND","Search completed!","CCOC(=O)C(C)N1CC(=O)N(C1=O)c1ccccc1","MolPort-002-103-165",10,10,"https://www.molport.com/shop/molecule-link/MolPort-002-103-165"
"COc1ccc(cc1NC(=O)CCCOc1cc(=O)n(c2c1cccc2)C)C","EXACT","FOUND","Search completed!","COc1ccc(C)cc1NC(=O)CCCOc1cc(=O)n(C)c2ccccc12","MolPort-007-642-042",20,20,"https://www.molport.com/shop/molecule-link/MolPort-007-642-042"
"Oc1ccc(cc1)N1CCN(CC1)c1ccc(nc1)[N+](=O)[O-]","EXACT","FOUND","Search completed!","Oc1ccc(cc1)N1CCN(CC1)c1ccc(nc1)[N+]([O-])=O","MolPort-028-826-406",100,100,"https://www.molport.com/shop/molecule-link/MolPort-028-826-406"
"O=C(c1ccccc1NC(=O)c1ccccc1I)NC(c1ccccc1)C","EXACT","FOUND","Search completed!","CC(NC(=O)c1ccccc1NC(=O)c1ccccc1I)c1ccccc1","MolPort-002-288-393",50,50,"https://www.molport.com/shop/molecule-link/MolPort-002-288-393"
"O=C(N1CCN(CC1)c1scc(n1)C)CCc1nccs1","EXACT","FOUND","Search completed!","Cc1csc(n1)N1CCN(CC1)C(=O)CCc1nccs1","MolPort-020-123-751",100,100,"https://www.molport.com/shop/molecule-link/MolPort-020-123-751"
"CSCC[C@@H](C(=O)NCC1CCC(CC1)C(=O)O)NC(=O)[C@@H](n1c(=O)[nH]c2c(c1=O)cccc2)Cc1ccccc1","ISOMER","FOUND","Search completed!","CSCC[C@H](NC(=O)[C@H](Cc1ccccc1)n1c(=O)[nH]c2ccccc2c1=O)C(=O)NCC1CC[C@@H](CC1)C(O)=O","MolPort-002-533-982",300,300,"https://www.molport.com/shop/molecule-link/MolPort-002-533-982"
"OC(=O)C[C@@H]1CC[C@H](CC1)c1ccc(cc1)c1cnc2n(c1N)ncc2","EXACT","FOUND","Search completed!","Nc1c(cnc2ccnn12)-c1ccc(cc1)[C@H]1CC[C@H](CC(O)=O)CC1","MolPort-035-678-705",0,100,"https://www.molport.com/shop/molecule-link/MolPort-035-678-705"
"Cc1ccc(cc1)NC(=O)Cn1cc(C(=O)c2ccc(cc2)C)c(=O)c2c1cccc2","EXACT","FOUND","Search completed!","Cc1ccc(NC(=O)Cn2cc(C(=O)c3ccc(C)cc3)c(=O)c3ccccc23)cc1","MolPort-003-072-543",50,50,"https://www.molport.com/shop/molecule-link/MolPort-003-072-543"
"O=C(C(c1ccccc1)NS(=O)(=O)c1ccc(cc1)C)Oc1ccc2c(c1)oc(=O)cc2","EXACT","FOUND","Search completed!","Cc1ccc(cc1)S(=O)(=O)NC(C(=O)Oc1ccc2ccc(=O)oc2c1)c1ccccc1","MolPort-001-829-989",200,200,"https://www.molport.com/shop/molecule-link/MolPort-001-829-989"
"S=C(Nc1ccc(cc1)C)NNC(=O)c1ccncc1","EXACT","FOUND","Search completed!","Cc1ccc(NC(=S)NNC(=O)c2ccncc2)cc1","MolPort-002-480-749",1000,1000,"https://www.molport.com/shop/molecule-link/MolPort-002-480-749"
"O=C1CCC(N1Cc1ccccc1Cl)C(=O)NC(c1ccccc1)C","EXACT","FOUND","Search completed!","CC(NC(=O)C1CCC(=O)N1Cc1ccccc1Cl)c1ccccc1","MolPort-007-938-143",15,15,"https://www.molport.com/shop/molecule-link/MolPort-007-938-143"
"CCN=C(NNC(=O)c1ccccc1Cl)S","EXACT","FOUND","Search completed!","CCNC(=S)NNC(=O)c1ccccc1Cl","MolPort-001-497-955",400,400,"https://www.molport.com/shop/molecule-link/MolPort-001-497-955"
"Clc1ccccc1c1noc(c1)CS(=O)(=O)c1ccccc1","EXACT","FOUND","Search completed!","Clc1ccccc1-c1cc(CS(=O)(=O)c2ccccc2)on1","MolPort-002-874-821",600,600,"https://www.molport.com/shop/molecule-link/MolPort-002-874-821"
"O=C(C1CCN(CC1)C(=O)c1ccccc1C)Nc1ccccc1Cl","EXACT","FOUND","Search completed!","Cc1ccccc1C(=O)N1CCC(CC1)C(=O)Nc1ccccc1Cl","MolPort-002-088-802",100,100,"https://www.molport.com/shop/molecule-link/MolPort-002-088-802"
"C=CCc1ccc(c(c1)OC)OCCCCOc1ccc(cc1)C(=O)O","EXACT","FOUND","Search completed!","COc1cc(CC=C)ccc1OCCCCOc1ccc(cc1)C(O)=O","MolPort-002-204-885",75,75,"https://www.molport.com/shop/molecule-link/MolPort-002-204-885"
"Nc1sc(c(n1)c1ccccc1)C(C)(C)C","EXACT","FOUND","Search completed!","CC(C)(C)c1sc(N)nc1-c1ccccc1","MolPort-002-156-156",20,10000,"https://www.molport.com/shop/molecule-link/MolPort-002-156-156"
"Cc1nn(c2c1cc1c(n2c2ccccc2F)nc(=O)n(c1=O)C)c1ccccc1","EXACT","FOUND","Search completed!","Cc1nn(-c2ccccc2)c2n(-c3ccccc3F)c3nc(=O)n(C)c(=O)c3cc12","MolPort-002-587-918",300,300,"https://www.molport.com/shop/molecule-link/MolPort-002-587-918"
"Cc1cccc(c1)NC(=O)c1oc2c(c1NC(=O)c1cc(=O)c3c(o1)cc(cc3)C)cccc2","EXACT","FOUND","Search completed!","Cc1cccc(NC(=O)c2oc3ccccc3c2NC(=O)c2cc(=O)c3ccc(C)cc3o2)c1","MolPort-000-522-535",100,100,"https://www.molport.com/shop/molecule-link/MolPort-000-522-535"
"OC(COc1ccccc1)CNCc1c(C)nn(c1N(C)C)C.Cl","EXACT","FOUND","Search completed!","Cl.CN(C)c1c(CNCC(O)COc2ccccc2)c(C)nn1C","MolPort-019-677-943",100,100,"https://www.molport.com/shop/molecule-link/MolPort-019-677-943"
"CCOc1ccc(cc1)c1cnc(nc1N)S","EXACT","FOUND","Search completed!","CCOc1ccc(cc1)-c1cnc(S)nc1N","MolPort-001-930-531",200,200,"https://www.molport.com/shop/molecule-link/MolPort-001-930-531"
"O=C(Nc1sc2c(c1C(=O)N)CCCCC2)CCC1CCCCC1","EXACT","FOUND","Search completed!","NC(=O)c1c(NC(=O)CCC2CCCCC2)sc2CCCCCc12","MolPort-001-503-734",400,400,"https://www.molport.com/shop/molecule-link/MolPort-001-503-734"
"c1ccc(cn1)CN1CCOC(C1)c1ncn2c1cccc2C1CC1.OC(=O)C(F)(F)F.OC(=O)C(F)(F)F","EXACT","FOUND","Search completed!","OC(=O)C(F)(F)F.OC(=O)C(F)(F)F.C(N1CCOC(C1)c1ncn2c(cccc12)C1CC1)c1cccnc1","MolPort-047-203-131",0,25,"https://www.molport.com/shop/molecule-link/MolPort-047-203-131"
"COC(=O)COc1ccc(nn1)Oc1nc(nc(n1)N1CCOCC1)NC(C)(C)C","EXACT","FOUND","Search completed!","COC(=O)COc1ccc(Oc2nc(NC(C)(C)C)nc(n2)N2CCOCC2)nn1","MolPort-002-264-478",100,100,"https://www.molport.com/shop/molecule-link/MolPort-002-264-478"
"COc1ccc(cc1)Oc1ccc(cc1C(=O)Nc1ccc(cc1)S(=O)(=O)N)[N+](=O)[O-]","EXACT","FOUND","Search completed!","COc1ccc(Oc2ccc(cc2C(=O)Nc2ccc(cc2)S(N)(=O)=O)[N+]([O-])=O)cc1","MolPort-002-902-011",4100,4100,"https://www.molport.com/shop/molecule-link/MolPort-002-902-011"
"O=C(N1CCCCC1Cn1nc(cc1C)C)CCc1ccncc1","EXACT","FOUND","Search completed!","Cc1cc(C)n(CC2CCCCN2C(=O)CCc2ccncc2)n1","MolPort-020-024-918",100,100,"https://www.molport.com/shop/molecule-link/MolPort-020-024-918"
"C1OC(Cn2cccn2)CN(C1)Cc1nc2c(s1)cccc2","EXACT","FOUND","Search completed!","C(C1CN(Cc2nc3ccccc3s2)CCO1)n1cccn1","MolPort-020-032-144",75,75,"https://www.molport.com/shop/molecule-link/MolPort-020-032-144"
"OC(=O)C(F)(F)F.OC(=O)C(F)(F)F.CCN1CCn2c(C31CCN(CC3)C(=O)C(C)C)ncc2C","EXACT","FOUND","Search completed!","OC(=O)C(F)(F)F.OC(=O)C(F)(F)F.CCN1CCn2c(C)cnc2C11CCN(CC1)C(=O)C(C)C","MolPort-047-694-073",0,25,"https://www.molport.com/shop/molecule-link/MolPort-047-694-073"
"Nc1ncc(c(c1)C(F)(F)F)c1cc(nc(n1)N1CCOCC1)N1CCOCC1.Cl","EXACT","FOUND","Search completed!","Nc1cc(c(cn1)-c1cc(nc(n1)N1CCOCC1)N1CCOCC1)C(F)(F)F","MolPort-023-293-494",125000,125000,"https://www.molport.com/shop/molecule-link/MolPort-023-293-494"
"O=C1/C(=C/c2cccnc2)/Oc2c1ccc(c2)OS(=O)(=O)C","EXACT","FOUND","Search completed!","CS(=O)(=O)Oc1ccc2C(=O)\C(Oc2c1)=C\c1cccnc1","MolPort-000-254-012",300,300,"https://www.molport.com/shop/molecule-link/MolPort-000-254-012"
"CC(=NNC(=O)c1[nH]nc2c1CCCC2)c1ccc(cc1)[N+](=O)[O-]","ISOMER","FOUND","Search completed!","C\C(=N/NC(=O)c1n[nH]c2CCCCc12)c1ccc(cc1)[N+]([O-])=O","MolPort-002-167-997",50,50,"https://www.molport.com/shop/molecule-link/MolPort-002-167-997"
"CSc1ccc(o1)C(=O)N1CCOCC1c1c(C)n[nH]c1C","EXACT","FOUND","Search completed!","CSc1ccc(o1)C(=O)N1CCOCC1c1c(C)n[nH]c1C","MolPort-028-938-548",15,15,"https://www.molport.com/shop/molecule-link/MolPort-028-938-548"
"CC(C(=O)NC1CCCCC1)Sc1nnc(s1)C","EXACT","FOUND","Search completed!","CC(Sc1nnc(C)s1)C(=O)NC1CCCCC1","MolPort-003-323-598",100,100,"https://www.molport.com/shop/molecule-link/MolPort-003-323-598"
"Clc1cc(cnc1NCCNC(=O)c1cccc(c1C)[N+](=O)[O-])C(F)(F)F","EXACT","FOUND","Search completed!","Cc1c(cccc1[N+]([O-])=O)C(=O)NCCNc1ncc(cc1Cl)C(F)(F)F","MolPort-004-141-449",100,100,"https://www.molport.com/shop/molecule-link/MolPort-004-141-449"
"OCCN(C1=NS(=O)(=O)c2c1cccc2)/N=C/c1ccc(cc1)N(C)C","EXACT","FOUND","Search completed!","CN(C)c1ccc(\C=N\N(CCO)C2=NS(=O)(=O)c3ccccc23)cc1","MolPort-001-619-288",300,300,"https://www.molport.com/shop/molecule-link/MolPort-001-619-288"
"CCN(CC(=O)NCC1(CCOCC1)c1ccccc1)CC.Cl","EXACT","FOUND","Search completed!","CCN(CC)CC(=O)NCC1(CCOCC1)c1ccccc1","MolPort-001-974-906",300,300,"https://www.molport.com/shop/molecule-link/MolPort-001-974-906"
"Fc1cccc(c1)S(=O)(=O)N1CCN(CC1)C(=O)C1CCC1","EXACT","FOUND","Search completed!","Fc1cccc(c1)S(=O)(=O)N1CCN(CC1)C(=O)C1CCC1","MolPort-004-142-410",200,200,"https://www.molport.com/shop/molecule-link/MolPort-004-142-410"
"COc1ccc(cc1)NC(=O)CN1C(=O)CC(Sc2c1cccc2)c1ccco1","EXACT","FOUND","Search completed!","COc1ccc(NC(=O)CN2c3ccccc3SC(CC2=O)c2ccco2)cc1","MolPort-003-045-600",15,15,"https://www.molport.com/shop/molecule-link/MolPort-003-045-600"
"C1CN2CCCc3c2c(C1)ccc3","EXACT","FOUND","Search completed!","C1CN2CCCc3cccc(C1)c23","MolPort-001-781-699",600000,600000,"https://www.molport.com/shop/molecule-link/MolPort-001-781-699"
"OC(=O)C(F)(F)F.O=C(N1CCn2c(C1)nc(c2)Cn1cccn1)CC1CC1","EXACT","FOUND","Search completed!","OC(=O)C(F)(F)F.O=C(CC1CC1)N1CCn2cc(Cn3cccn3)nc2C1","MolPort-047-227-268",0,25,"https://www.molport.com/shop/molecule-link/MolPort-047-227-268"
"CCC(C(=O)Oc1ccc2c(c1)oc(=O)c1c2CCC1)NC(=O)OC(C)(C)C","EXACT","FOUND","Search completed!","CCC(NC(=O)OC(C)(C)C)C(=O)Oc1ccc2c3CCCc3c(=O)oc2c1","MolPort-002-604-815",300,300,"https://www.molport.com/shop/molecule-link/MolPort-002-604-815"
"C[C@H]1[C@@H](O[C@H]2[C@@]34[C@H]1CC[C@H]([C@@H]4CC[C@](O2)(OO3)C)C)N1CCS(=O)(=O)CC1","EXACT","FOUND","Search completed!","C[C@@H]1CC[C@H]2[C@@H](C)[C@@H](O[C@@H]3O[C@@]4(C)CC[C@@H]1[C@@]23OO4)N1CCS(=O)(=O)CC1","MolPort-046-697-122",0,100,"https://www.molport.com/shop/molecule-link/MolPort-046-697-122"
"S=C(Nc1ccc(cc1)Br)NC(=O)C","EXACT","FOUND","Search completed!","CC(=O)NC(=S)Nc1ccc(Br)cc1","MolPort-001-582-094",100,100,"https://www.molport.com/shop/molecule-link/MolPort-001-582-094"
"O=C(C1=C(C)N=C2C(=C(O)CC(C2)(C)C)C1c1ccccc1)OC1CCCC1","EXACT","FOUND","Search completed!","CC1=C(C(C2=C(CC(C)(C)CC2=O)N1)c1ccccc1)C(=O)OC1CCCC1","MolPort-000-915-165",100,100,"https://www.molport.com/shop/molecule-link/MolPort-000-915-165"
"O=C1C[C@]2(C)CC(COc3ccc4c(c3)CC(=O)C=C4)C(=CC2C(C1)(C)C)C","EXACT","FOUND","Search completed!","CC1=CC2C(C)(C)CC(=O)C[C@]2(C)CC1COc1ccc2ccc(O)cc2c1","MolPort-002-932-249",3,3,"https://www.molport.com/shop/molecule-link/MolPort-002-932-249"
"OC(=O)c1ccc(cc1O)NS(=O)(=O)c1cccc2c1cccc2","EXACT","FOUND","Search completed!","OC(=O)c1ccc(NS(=O)(=O)c2cccc3ccccc23)cc1O","MolPort-000-628-599",75,75,"https://www.molport.com/shop/molecule-link/MolPort-000-628-599"
"COc1ccccc1N1CCN(CC1)C(=O)c1c(C)onc1c1c(F)cccc1Cl","EXACT","FOUND","Search completed!","COc1ccccc1N1CCN(CC1)C(=O)c1c(C)onc1-c1c(F)cccc1Cl","MolPort-003-811-142",100,100,"https://www.molport.com/shop/molecule-link/MolPort-003-811-142"
"OC(CN1CCC(CC1)c1[nH]ncc1)COCc1ccccc1Cl","EXACT","FOUND","Search completed!","OC(COCc1ccccc1Cl)CN1CCC(CC1)c1ccn[nH]1","MolPort-019-677-359",15,15,"https://www.molport.com/shop/molecule-link/MolPort-019-677-359"
"CCOc1ccc(cc1)C(=NNC(=O)c1ccc(cc1)CN1CCOCC1)C","ISOMER","FOUND","Search completed!","CCOc1ccc(cc1)C(\C)=N\NC(=O)c1ccc(CN2CCOCC2)cc1","MolPort-003-002-765",100,100,"https://www.molport.com/shop/molecule-link/MolPort-003-002-765"
"OC(=O)C(F)(F)F.OC(=O)C(F)(F)F.CNC(=O)CN1CCOCC2(C1)CCCN(C2)Cc1cscc1","EXACT","FOUND","Search completed!","OC(=O)C(F)(F)F.OC(=O)C(F)(F)F.CNC(=O)CN1CCOCC2(CCCN(Cc3ccsc3)C2)C1","MolPort-047-162-360",0,25,"https://www.molport.com/shop/molecule-link/MolPort-047-162-360"
"COc1cccc(c1)NC(=O)C(c1ccccc1)NCCc1ccc(cc1)S(=O)(=O)N","EXACT","FOUND","Search completed!","COc1cccc(NC(=O)C(NCCc2ccc(cc2)S(N)(=O)=O)c2ccccc2)c1","MolPort-005-838-261",200,200,"https://www.molport.com/shop/molecule-link/MolPort-005-838-261"
"COc1ccc(cc1C(=O)NC1CCCc2c1cnn2c1cc(C)cc(c1)C)OC","EXACT","FOUND","Search completed!","COc1ccc(OC)c(c1)C(=O)NC1CCCc2c1cnn2-c1cc(C)cc(C)c1","MolPort-005-108-950",25,25,"https://www.molport.com/shop/molecule-link/MolPort-005-108-950"
"CCc1ccc(cc1)NC(=O)c1nnn(c1N)Cc1cccc(c1)C(F)(F)F","EXACT","FOUND","Search completed!","CCc1ccc(NC(=O)c2nnn(Cc3cccc(c3)C(F)(F)F)c2N)cc1","MolPort-007-642-821",30,30,"https://www.molport.com/shop/molecule-link/MolPort-007-642-821"
"COc1cccc(c1)C(=O)NCC(c1ccco1)N1CCOCC1","EXACT","FOUND","Search completed!","Cl.COc1cccc(c1)C(=O)NCC(N1CCOCC1)c1ccco1","MolPort-008-820-743",100,100,"https://www.molport.com/shop/molecule-link/MolPort-008-820-743"
"O=C(Cn1nc(cc1C)C)Nc1ccc(cc1)C(=O)C","EXACT","FOUND","Search completed!","CC(=O)c1ccc(NC(=O)Cn2nc(C)cc2C)cc1","MolPort-003-714-722",400,400,"https://www.molport.com/shop/molecule-link/MolPort-003-714-722"
"COc1ccc(cc1OC)C1CC(=NN1c1ccccc1)c1ccc(cc1)F","EXACT","FOUND","Search completed!","COc1ccc(cc1OC)C1CC(=NN1c1ccccc1)c1ccc(F)cc1","MolPort-002-181-903",10,10,"https://www.molport.com/shop/molecule-link/MolPort-002-181-903"
"COCCOC(=O)C1=C(C)N=C2C(=C(O)C(C(C2)C)C(=O)OC)C1c1ccc(c(c1)OCC)O","EXACT","FOUND","Search completed!","CCOc1cc(ccc1O)C1C(C(=O)OCCOC)=C(C)NC2=C1C(=O)C(C(C)C2)C(=O)OC","MolPort-000-910-596",200,200,"https://www.molport.com/shop/molecule-link/MolPort-000-910-596"
"O=C(c1ccc(cc1)[N+](=O)[O-])Nc1nnc(s1)CC(C)(C)C","EXACT","FOUND","Search completed!","CC(C)(C)Cc1nnc(NC(=O)c2ccc(cc2)[N+]([O-])=O)s1","MolPort-001-555-937",600,600,"https://www.molport.com/shop/molecule-link/MolPort-001-555-937"
"OC(=O)C1=CC(=C(c2ccc(c(c2)C(=O)O)O)c2ccc(c(c2)C(=O)O)O)C=CC1=O","EXACT","FOUND","Search completed!","N.N.N.OC(=O)C1=CC(C=CC1=O)=C(c1ccc(O)c(c1)C(O)=O)c1ccc(O)c(c1)C(O)=O","MolPort-001-761-198",300000,300000,"https://www.molport.com/shop/molecule-link/MolPort-001-761-198"
"COc1ccc(cc1)n1c(SCC(=O)NC2CCCC2)nnc1Cc1cc(O)nc(n1)O","EXACT","FOUND","Search completed!","COc1ccc(cc1)-n1c(Cc2cc(=O)[nH]c(=O)[nH]2)nnc1SCC(=O)NC1CCCC1","MolPort-003-039-390",300,300,"https://www.molport.com/shop/molecule-link/MolPort-003-039-390"
"OC(=O)CC[C@@H](C(=O)N)NC(=O)OC(C)(C)C","EXACT","FOUND","Search completed!","CC(C)(C)OC(=O)N[C@@H](CCC(O)=O)C(N)=O","MolPort-004-964-834",100000,100000,"https://www.molport.com/shop/molecule-link/MolPort-004-964-834"
"O=C(c1[nH]nc(c1Br)[N+](=O)[O-])Nc1cccc(c1C)C","EXACT","FOUND","Search completed!","Cc1cccc(NC(=O)c2[nH]nc(c2Br)[N+]([O-])=O)c1C","MolPort-001-505-694",100,100,"https://www.molport.com/shop/molecule-link/MolPort-001-505-694"
"O=C1CC(C)(C)CC2=C1CC1=C(N2)CC(CC1=O)(C)C","EXACT","FOUND","Search completed!","CC1(C)CC(=O)C2=C(C1)NC1=C(C2)C(=O)CC(C)(C)C1","MolPort-000-225-364",500,500,"https://www.molport.com/shop/molecule-link/MolPort-000-225-364"
"COC(=O)c1c(NC(=O)COc2ccc(c(c2)C)C)sc2c1CCC2","EXACT","FOUND","Search completed!","COC(=O)c1c(NC(=O)COc2ccc(C)c(C)c2)sc2CCCc12","MolPort-002-047-584",40,40,"https://www.molport.com/shop/molecule-link/MolPort-002-047-584"
"OC(=O)c1ccc2c(c1)C1C=CCC1C(N2)c1cccc2c1cccc2","EXACT","FOUND","Search completed!","OC(=O)c1ccc2NC(C3CC=CC3c2c1)c1cccc2ccccc12","MolPort-001-936-601",5,20,"https://www.molport.com/shop/molecule-link/MolPort-001-936-601"
"COc1cc2CN(CCc2cc1OC)C(=O)CSc1nnc(s1)C","EXACT","FOUND","Search completed!","COc1cc2CCN(Cc2cc1OC)C(=O)CSc1nnc(C)s1","MolPort-000-633-192",300,300,"https://www.molport.com/shop/molecule-link/MolPort-000-633-192"
"Clc1ccc2c(c1)c(c1ccccc1)c1c(n2)CCCCC1","EXACT","FOUND","Search completed!","Cl.Clc1ccc2nc3CCCCCc3c(-c3ccccc3)c2c1","MolPort-004-082-550",100,100,"https://www.molport.com/shop/molecule-link/MolPort-004-082-550"
"O=C(NC(C(C)C)C)COc1ncnc2c1ccs2","EXACT","FOUND","Search completed!","CC(C)C(C)NC(=O)COc1ncnc2sccc12","MolPort-004-061-242",100,100,"https://www.molport.com/shop/molecule-link/MolPort-004-061-242"
"Fc1ccc(cc1)Cn1c2sc(c(c2c(=O)n(c1=O)Cc1ccccc1)C)C","EXACT","FOUND","Search completed!","Cc1sc2n(Cc3ccc(F)cc3)c(=O)n(Cc3ccccc3)c(=O)c2c1C","MolPort-007-605-840",30,30,"https://www.molport.com/shop/molecule-link/MolPort-007-605-840"
"O=C(c1cnccn1)Nc1ccc(cc1)Oc1ccccc1","EXACT","FOUND","Search completed!","O=C(Nc1ccc(Oc2ccccc2)cc1)c1cnccn1","MolPort-001-543-828",6300,6300,"https://www.molport.com/shop/molecule-link/MolPort-001-543-828"
"COc1cccc(c1)C1N(CCCN2CCOCC2)C(=O)C(=C1C(=O)c1ccc(cc1)OC(C)C)O","EXACT","FOUND","Search completed!","COc1cccc(c1)C1N(CCCN2CCOCC2)C(=O)C(O)=C1C(=O)c1ccc(OC(C)C)cc1","MolPort-000-448-077",300,300,"https://www.molport.com/shop/molecule-link/MolPort-000-448-077"
"CCC1(OCC(=O)c2c1[nH]c1c2cccc1CC)CC(=O)O","EXACT","FOUND","Search completed!","CCc1cccc2c3c([nH]c12)C(CC)(CC(O)=O)OCC3=O","MolPort-003-849-731",12,12,"https://www.molport.com/shop/molecule-link/MolPort-003-849-731"
"CCCCc1sc2=NS(=O)(=O)CCn2n1","EXACT","FOUND","Search completed!","CCCCC1=NN2CCS(=O)(=O)N=C2S1","MolPort-004-013-504",100,100,"https://www.molport.com/shop/molecule-link/MolPort-004-013-504"
"Cc1ccc(nn1)N1CCCC2(C1)COCCN(C2)c1nccs1","EXACT","FOUND","Search completed!","OC(=O)C(F)(F)F.OC(=O)C(F)(F)F.Cc1ccc(nn1)N1CCCC2(C1)COCCN(C2)c1nccs1","MolPort-047-672-265",0,25,"https://www.molport.com/shop/molecule-link/MolPort-047-672-265"
"COc1cc(ccc1OC)C(=O)NC(c1nc2c(n1CC(C)C)cccc2)C","EXACT","FOUND","Search completed!","COc1ccc(cc1OC)C(=O)NC(C)c1nc2ccccc2n1CC(C)C","MolPort-000-479-456",300,300,"https://www.molport.com/shop/molecule-link/MolPort-000-479-456"
"CC(c1ccc(cc1)N1C=Nc2c(C1)cc(cc2)C(C)C)C","EXACT","FOUND","Search completed!","CC(C)c1ccc(cc1)N1Cc2cc(ccc2N=C1)C(C)C","MolPort-002-912-011",4000,4000,"https://www.molport.com/shop/molecule-link/MolPort-002-912-011"
"COC(=O)c1ccccc1NC(=O)Cn1c2ccsc2c(=O)n(c1=O)c1ccc(cc1)F","EXACT","FOUND","Search completed!","COC(=O)c1ccccc1NC(=O)Cn1c2ccsc2c(=O)n(-c2ccc(F)cc2)c1=O","MolPort-007-604-796",100,100,"https://www.molport.com/shop/molecule-link/MolPort-007-604-796"
"OC(COC1CCC(CC1)C(C)(C)C)CNC(c1ccccc1)C","EXACT","FOUND","Search completed!","Cl.CC(NCC(O)COC1CCC(CC1)C(C)(C)C)c1ccccc1","MolPort-002-181-732",10,10,"https://www.molport.com/shop/molecule-link/MolPort-002-181-732"
"O=C(CN(S(=O)(=O)c1ccc2c(c1)C(C)(C)C(=O)N2C)C)Nc1ccc(c(c1)Cl)F","EXACT","FOUND","Search completed!","CN(CC(=O)Nc1ccc(F)c(Cl)c1)S(=O)(=O)c1ccc2N(C)C(=O)C(C)(C)c2c1","MolPort-007-724-280",3,3,"https://www.molport.com/shop/molecule-link/MolPort-007-724-280"
"N#Cc1c(C)cc(n(c1=O)c1ccc(c(c1)Cl)C)C","EXACT","FOUND","Search completed!","Cc1ccc(cc1Cl)-n1c(C)cc(C)c(C#N)c1=O","MolPort-002-005-699",300,300,"https://www.molport.com/shop/molecule-link/MolPort-002-005-699"
"Fc1ccc(cc1)N(S(=O)(=O)c1ccccc1)CC(=O)Nc1c(=O)n(n(c1C)C)c1ccccc1","EXACT","FOUND","Search completed!","Cc1c(NC(=O)CN(c2ccc(F)cc2)S(=O)(=O)c2ccccc2)c(=O)n(-c2ccccc2)n1C","MolPort-002-182-651",200,200,"https://www.molport.com/shop/molecule-link/MolPort-002-182-651"
"COC(=O)c1ccc(cc1)NC(=O)C1CC2c3c(C1c1c2cccc1)cccc3","EXACT","FOUND","Search completed!","COC(=O)c1ccc(NC(=O)C2CC3c4ccccc4C2c2ccccc32)cc1","MolPort-001-940-215",100,100,"https://www.molport.com/shop/molecule-link/MolPort-001-940-215"
"Fc1ccc(cc1)S(=O)(=O)N(c1ccccn1)CC(=O)Nc1ccc(cc1F)F","EXACT","FOUND","Search completed!","Fc1ccc(cc1)S(=O)(=O)N(CC(=O)Nc1ccc(F)cc1F)c1ccccn1","MolPort-002-851-131",1700,1700,"https://www.molport.com/shop/molecule-link/MolPort-002-851-131"
"CCOC(=O)N1CCN(CC1)C(=O)c1ccc(cc1)NC(=O)CC","EXACT","FOUND","Search completed!","CCOC(=O)N1CCN(CC1)C(=O)c1ccc(NC(=O)CC)cc1","MolPort-002-095-576",50,50,"https://www.molport.com/shop/molecule-link/MolPort-002-095-576"
"COc1ccc(cc1)NC(=O)N1CCc2c(C1c1ccccc1OC)sc1c2CCCC1","EXACT","FOUND","Search completed!","COc1ccc(NC(=O)N2CCc3c4CCCCc4sc3C2c2ccccc2OC)cc1","MolPort-007-740-146",5,5,"https://www.molport.com/shop/molecule-link/MolPort-007-740-146"
"Cc1ccc(cc1)C(=O)Nc1cccc(c1)c1cn2c(n1)nccc2","EXACT","FOUND","Search completed!","Cc1ccc(cc1)C(=O)Nc1cccc(c1)-c1cn2cccnc2n1","MolPort-003-042-864",50,50,"https://www.molport.com/shop/molecule-link/MolPort-003-042-864"
"CCN1CCN(CC1)c1nc(Nc2ccc(cc2)Cl)c(c(n1)N)[N+](=O)[O-]","EXACT","FOUND","Search completed!","CCN1CCN(CC1)c1nc(N)c(c(Nc2ccc(Cl)cc2)n1)[N+]([O-])=O","MolPort-000-492-786",300,300,"https://www.molport.com/shop/molecule-link/MolPort-000-492-786"
"COc1cccc(c1)NC(=O)COC(=O)c1c(C)noc1C","EXACT","FOUND","Search completed!","COc1cccc(NC(=O)COC(=O)c2c(C)noc2C)c1","MolPort-003-311-554",100,100,"https://www.molport.com/shop/molecule-link/MolPort-003-311-554"
"Cc1onc(c1)NC(=O)c1ccc(cc1)NC(=O)c1cccs1","EXACT","FOUND","Search completed!","Cc1cc(NC(=O)c2ccc(NC(=O)c3cccs3)cc2)no1","MolPort-001-626-463",50,50,"https://www.molport.com/shop/molecule-link/MolPort-001-626-463"
"O=C1N(C)Cc2c1cccc2","EXACT","FOUND","Search completed!","CN1Cc2ccccc2C1=O","MolPort-002-355-346",250,250,"https://www.molport.com/shop/molecule-link/MolPort-002-355-346"
"CCOc1c(O)ccc(c1[N+](=O)[O-])C1NC(=O)N(C(=C1C(=O)OC)C)C","EXACT","FOUND","Search completed!","CCOc1c(O)ccc(C2NC(=O)N(C)C(C)=C2C(=O)OC)c1[N+]([O-])=O","MolPort-002-252-411",5,5,"https://www.molport.com/shop/molecule-link/MolPort-002-252-411"
"C=CCn1c(SCc2ccccc2)nc2c(c1=O)C(C)(C)Cc1c2cccc1","EXACT","FOUND","Search completed!","CC1(C)Cc2ccccc2-c2nc(SCc3ccccc3)n(CC=C)c(=O)c12","MolPort-002-409-104",200,200,"https://www.molport.com/shop/molecule-link/MolPort-002-409-104"
"COc1ccc2c(c1)[nH]c(c2CNCc1ccc(cc1)OC(C)C)C(=O)O","EXACT","FOUND","Search completed!","COc1ccc2c(CNCc3ccc(OC(C)C)cc3)c([nH]c2c1)C(O)=O","MolPort-010-972-788",3,3,"https://www.molport.com/shop/molecule-link/MolPort-010-972-788"
"CCc1sc(nc1c1ccccc1)N","EXACT","FOUND","Search completed!","CCc1sc(N)nc1-c1ccccc1","MolPort-001-554-820",5000,25000,"https://www.molport.com/shop/molecule-link/MolPort-001-554-820"
"O=C(Nc1ccc(cc1)S(=O)(=O)Nc1cc(C)nc(n1)C)C=Cc1ccc(cc1)Br","ISOMER","FOUND","Search completed!","Cc1cc(NS(=O)(=O)c2ccc(NC(=O)\C=C\c3ccc(Br)cc3)cc2)nc(C)n1","MolPort-001-540-193",200,200,"https://www.molport.com/shop/molecule-link/MolPort-001-540-193"
"Fc1ccccc1CSc1n[nH]cn1","EXACT","FOUND","Search completed!","Fc1ccccc1CSc1nnc[nH]1","MolPort-006-872-165",100,100,"https://www.molport.com/shop/molecule-link/MolPort-006-872-165"
"Cc1ccc(cc1)CSc1ccc2n(n1)c(nn2)c1cccs1","EXACT","FOUND","Search completed!","Cc1ccc(CSc2ccc3nnc(-c4cccs4)n3n2)cc1","MolPort-003-077-400",75,75,"https://www.molport.com/shop/molecule-link/MolPort-003-077-400"
"OC(COC1CC(C)CCC1C(C)C)CNC(c1ccccc1)C","EXACT","FOUND","Search completed!","Cl.CC(C)C1CCC(C)CC1OCC(O)CNC(C)c1ccccc1","MolPort-004-017-346",100,100,"https://www.molport.com/shop/molecule-link/MolPort-004-017-346"
"NNC(=O)c1ccc(cc1)COc1ccc2c(c1)cccc2","EXACT","FOUND","Search completed!","NNC(=O)c1ccc(COc2ccc3ccccc3c2)cc1","MolPort-000-161-783",10000,10000,"https://www.molport.com/shop/molecule-link/MolPort-000-161-783"
"CCN(c1cccc(c1)C)CCCNC(=O)c1cc2c(s1)nc1c(c2)cc(cc1)OC","EXACT","FOUND","Search completed!","CCN(CCCNC(=O)c1cc2cc3cc(OC)ccc3nc2s1)c1cccc(C)c1","MolPort-010-970-098",50,50,"https://www.molport.com/shop/molecule-link/MolPort-010-970-098"
"OC(=O)C(=O)O.COC(=O)c1cc(NC(=O)CN(C2CCS(=O)(=O)C2)C)cc(c1)C(=O)OC","EXACT","FOUND","Search completed!","OC(=O)C(O)=O.COC(=O)c1cc(NC(=O)CN(C)C2CCS(=O)(=O)C2)cc(c1)C(=O)OC","MolPort-004-283-275",100,100,"https://www.molport.com/shop/molecule-link/MolPort-004-283-275"
"COc1cc(CCNC(=O)CN2c3cccc4c3c(S2(=O)=O)ccc4)ccc1OC","EXACT","FOUND","Search completed!","COc1ccc(CCNC(=O)CN2c3cccc4cccc(c34)S2(=O)=O)cc1OC","MolPort-002-001-598",3,3,"https://www.molport.com/shop/molecule-link/MolPort-002-001-598"
"CCCN1CCCC(C1)CNC(=O)c1ccc(cc1)c1ccccc1","EXACT","FOUND","Search completed!","CCCN1CCCC(CNC(=O)c2ccc(cc2)-c2ccccc2)C1","MolPort-005-163-557",25,25,"https://www.molport.com/shop/molecule-link/MolPort-005-163-557"
"[O-][Cl](=O)(=O)=O.Cc1cc(C)[n+]2c(n1)c1ccccc1c(n2)N","EXACT","FOUND","Search completed!","[Cl-].Cc1cc(C)[n+]2nc(N)c3ccccc3c2n1","MolPort-016-634-872",10000,10000,"https://www.molport.com/shop/molecule-link/MolPort-016-634-872"
"OC(=O)[C@@H](CC(=O)c1ccc(cc1)Cl)NCCc1c[nH]c2c1cccc2","RACEMATE","FOUND","Search completed!","OC(=O)C(CC(=O)c1ccc(Cl)cc1)NCCc1c[nH]c2ccccc12","MolPort-002-884-866",0,20,"https://www.molport.com/shop/molecule-link/MolPort-002-884-866"
"OC(=O)C(CC(=O)c1ccc(cc1)Cl)NCCc1c[nH]c2c1cccc2","EXACT","FOUND","Search completed!","OC(=O)C(CC(=O)c1ccc(Cl)cc1)NCCc1c[nH]c2ccccc12","MolPort-002-884-866",0,20,"https://www.molport.com/shop/molecule-link/MolPort-002-884-866"
"Nc1snc(n1)c1ccncc1","EXACT","FOUND","Search completed!","Nc1nc(ns1)-c1ccncc1","MolPort-009-194-553",10000,10000,"https://www.molport.com/shop/molecule-link/MolPort-009-194-553"
"CCOC(=O)c1ccc(cc1)NC(=O)CSCc1c(Cl)cccc1Cl","EXACT","FOUND","Search completed!","CCOC(=O)c1ccc(NC(=O)CSCc2c(Cl)cccc2Cl)cc1","MolPort-002-256-854",100,100,"https://www.molport.com/shop/molecule-link/MolPort-002-256-854"
"CCNc1nc2c(n1CC(COc1ccc(c(c1)C)C)O)c(=O)n(c(=O)n2C)C","EXACT","FOUND","Search completed!","CCNc1nc2n(C)c(=O)n(C)c(=O)c2n1CC(O)COc1ccc(C)c(C)c1","MolPort-002-028-437",200,200,"https://www.molport.com/shop/molecule-link/MolPort-002-028-437"
"CCc1ccc(cc1)NC(=O)CSc1nnc(n1N)SCC(=O)Nc1ccc(cc1)CC","EXACT","FOUND","Search completed!","CCc1ccc(NC(=O)CSc2nnc(SCC(=O)Nc3ccc(CC)cc3)n2N)cc1","MolPort-005-843-764",100,100,"https://www.molport.com/shop/molecule-link/MolPort-005-843-764"
"CCN(c1nc2c(n1CC(COc1ccc(c(c1)C)C)O)c(=O)[nH]c(=O)n2C)CC","EXACT","FOUND","Search completed!","CCN(CC)c1nc2n(C)c(=O)[nH]c(=O)c2n1CC(O)COc1ccc(C)c(C)c1","MolPort-002-028-426",100,100,"https://www.molport.com/shop/molecule-link/MolPort-002-028-426"
"CCc1ccc(cc1)NC(=O)Cn1cc(C(=O)c2ccc(cc2)CC)c(=O)c2c1cccc2","EXACT","FOUND","Search completed!","CCc1ccc(NC(=O)Cn2cc(C(=O)c3ccc(CC)cc3)c(=O)c3ccccc23)cc1","MolPort-003-072-219",100,100,"https://www.molport.com/shop/molecule-link/MolPort-003-072-219"
"COc1ccc(cc1)c1nc(SCC(=O)NCc2nc3c(n2C)cccc3)n2c(n1)cc(=O)[nH]2","EXACT","FOUND","Search completed!","COc1ccc(cc1)-c1nc(SCC(=O)NCc2nc3ccccc3n2C)n2[nH]c(=O)cc2n1","MolPort-007-830-233",75,75,"https://www.molport.com/shop/molecule-link/MolPort-007-830-233"
"NNC(=O)C1CCC(CC1)C(=O)NN","EXACT","FOUND","Search completed!","NNC(=O)C1CCC(CC1)C(=O)NN","MolPort-001-509-876",1100,5000,"https://www.molport.com/shop/molecule-link/MolPort-001-509-876"
"Cc1[nH]nc(c1C1COCCN1C(=O)c1n[nH]c2c1cccc2)C","EXACT","FOUND","Search completed!","Cc1n[nH]c(C)c1C1COCCN1C(=O)c1n[nH]c2ccccc12","MolPort-028-938-555",30,30,"https://www.molport.com/shop/molecule-link/MolPort-028-938-555"
"CCN(C(=O)CSc1n[nH]cn1)Cc1ccccc1","EXACT","FOUND","Search completed!","CCN(Cc1ccccc1)C(=O)CSc1nnc[nH]1","MolPort-004-006-082",100,100,"https://www.molport.com/shop/molecule-link/MolPort-004-006-082"
"O=C(NCc1ccncc1)COc1ccc(cc1Cl)Cl","EXACT","FOUND","Search completed!","Clc1ccc(OCC(=O)NCc2ccncc2)c(Cl)c1","MolPort-001-487-895",500,500,"https://www.molport.com/shop/molecule-link/MolPort-001-487-895"
"O=C(Nc1sc2c(n1)c(F)c(c(c2)F)F)COC(=O)C12CC3CC(C2)CC(C1)C3","EXACT","FOUND","Search completed!","Fc1cc2sc(NC(=O)COC(=O)C34CC5CC(CC(C5)C3)C4)nc2c(F)c1F","MolPort-003-999-343",100,100,"https://www.molport.com/shop/molecule-link/MolPort-003-999-343"
"Cc1ccc(cc1)CNC(=O)C(=O)NCC(c1ccco1)N1CCOCC1","EXACT","FOUND","Search completed!","Cc1ccc(CNC(=O)C(=O)NCC(N2CCOCC2)c2ccco2)cc1","MolPort-003-126-101",100,100,"https://www.molport.com/shop/molecule-link/MolPort-003-126-101"
"O=C(Nc1ccc(cc1C)C)Cc1csc(n1)NC(=O)Nc1ccccc1","EXACT","FOUND","Search completed!","Cc1ccc(NC(=O)Cc2csc(NC(=O)Nc3ccccc3)n2)c(C)c1","MolPort-003-103-989",100,100,"https://www.molport.com/shop/molecule-link/MolPort-003-103-989"
"Cc1ccc(cc1)CN1CCN(CC1)N=C(c1ccc(cc1)Cl)C","ISOMER","FOUND","Search completed!","C\C(=N\N1CCN(Cc2ccc(C)cc2)CC1)c1ccc(Cl)cc1","MolPort-002-589-265",400,400,"https://www.molport.com/shop/molecule-link/MolPort-002-589-265"
"CC(Cc1ccc(cc1)/C=C/C(=O)N1CCCCC1)C","EXACT","FOUND","Search completed!","CC(C)Cc1ccc(\C=C\C(=O)N2CCCCC2)cc1","MolPort-002-885-004",700,700,"https://www.molport.com/shop/molecule-link/MolPort-002-885-004"
"Clc1ccccc1CNC(=O)c1cc2c(n1C)c1c(o2)cccc1","EXACT","FOUND","Search completed!","Cn1c(cc2oc3ccccc3c12)C(=O)NCc1ccccc1Cl","MolPort-007-671-691",100,100,"https://www.molport.com/shop/molecule-link/MolPort-007-671-691"
"CCOC(=O)C1=C(C)N=c2n(C1c1cc(OC)ccc1OC)c(=O)c(=Cc1ccc(cc1)C)s2","ISOMER","FOUND","Search completed!","CCOC(=O)C1=C(C)N=c2s\c(=C/c3ccc(C)cc3)c(=O)n2C1c1cc(OC)ccc1OC","MolPort-002-170-897",300,300,"https://www.molport.com/shop/molecule-link/MolPort-002-170-897"
"C/C(=N/NC(=N)N)/C=N/NC(=N)N","RACEMATE","FOUND","Search completed!","CC(C=NNC(N)=N)=NNC(N)=N","MolPort-035-765-448",10000,10000,"https://www.molport.com/shop/molecule-link/MolPort-035-765-448"
"Brc1ccc2c(c1)C=CC(=O)C2=O","EXACT","FOUND","Search completed!","Brc1ccc2C(=O)C(=O)C=Cc2c1","MolPort-002-319-709",110000,110000,"https://www.molport.com/shop/molecule-link/MolPort-002-319-709"
"Ic1ccc(cc1)OCCOc1cccc2c1nccc2","EXACT","FOUND","Search completed!","Ic1ccc(OCCOc2cccc3cccnc23)cc1","MolPort-002-203-602",50,50,"https://www.molport.com/shop/molecule-link/MolPort-002-203-602"
"CC(=O)Nc1ccccc1c1nc2ccccc2n(c1=O)Cc1cccc(c1)Br","EXACT","FOUND","Search completed!","CC(=O)Nc1ccccc1-c1nc2ccccc2n(Cc2cccc(Br)c2)c1=O","MolPort-007-703-004",75,75,"https://www.molport.com/shop/molecule-link/MolPort-007-703-004"
"COc1cc(OC)c(cc1C1C=C(Nc2n1ncn2)C(=O)O)OC","EXACT","FOUND","Search completed!","COc1cc(OC)c(cc1OC)C1C=C(Nc2ncnn12)C(O)=O","MolPort-006-386-418",300,300,"https://www.molport.com/shop/molecule-link/MolPort-006-386-418"
"O=C(COc1ccc(cc1)N(S(=O)(=O)c1ccc(cc1)NC(=O)C)C)OCC(=O)Nc1ccc(cc1)OC(F)F","EXACT","FOUND","Search completed!","CN(c1ccc(OCC(=O)OCC(=O)Nc2ccc(OC(F)F)cc2)cc1)S(=O)(=O)c1ccc(NC(C)=O)cc1","MolPort-005-855-082",200,200,"https://www.molport.com/shop/molecule-link/MolPort-005-855-082"
"CCCCc1cc(=O)oc2c1ccc(c2)OCC(=O)N1CCC(CC1)C(=O)N","EXACT","FOUND","Search completed!","CCCCc1cc(=O)oc2cc(OCC(=O)N3CCC(CC3)C(N)=O)ccc12","MolPort-002-524-122",300,300,"https://www.molport.com/shop/molecule-link/MolPort-002-524-122"
"COc1cc(CCNc2cc(ccc2[N+](=O)[O-])N2CCN(CC2)C(=O)c2ccc(cc2)C)ccc1OC","EXACT","FOUND","Search completed!","COc1ccc(CCNc2cc(ccc2[N+]([O-])=O)N2CCN(CC2)C(=O)c2ccc(C)cc2)cc1OC","MolPort-000-714-273",300,300,"https://www.molport.com/shop/molecule-link/MolPort-000-714-273"
"CCCCOc1ccc(cc1)C(=O)NCC(=O)N1CC(C)CC(C1)C","EXACT","FOUND","Search completed!","CCCCOc1ccc(cc1)C(=O)NCC(=O)N1CC(C)CC(C)C1","MolPort-009-509-965",200,200,"https://www.molport.com/shop/molecule-link/MolPort-009-509-965"
"CC(c1cc(CN2CCOCC2)cc(c1O)C(C)C)C","EXACT","FOUND","Search completed!","CC(C)c1cc(CN2CCOCC2)cc(C(C)C)c1O","MolPort-002-125-865",1100,1100,"https://www.molport.com/shop/molecule-link/MolPort-002-125-865"
"O=C(Nc1c[nH]nc1)NCc1ccc(cc1)C(=O)N","EXACT","FOUND","Search completed!","NC(=O)c1ccc(CNC(=O)Nc2cn[nH]c2)cc1","MolPort-019-660-551",100,100,"https://www.molport.com/shop/molecule-link/MolPort-019-660-551"
"Brc1cccc(c1)CN(C(=O)c1ccco1)C1CCS(=O)(=O)C1","EXACT","FOUND","Search completed!","Brc1cccc(CN(C2CCS(=O)(=O)C2)C(=O)c2ccco2)c1","MolPort-000-483-771",300,300,"https://www.molport.com/shop/molecule-link/MolPort-000-483-771"
"COc1ccc(cc1Cl)C(=O)Nc1ccc2c(c1)C(=O)c1c(C2=O)cccc1","EXACT","FOUND","Search completed!","COc1ccc(cc1Cl)C(=O)Nc1ccc2C(=O)c3ccccc3C(=O)c2c1","MolPort-002-191-730",100,100,"https://www.molport.com/shop/molecule-link/MolPort-002-191-730"
"COc1ccc(cc1)CNc1nc(nn1C(=O)c1ccc(cc1)F)c1ccco1","EXACT","FOUND","Search completed!","COc1ccc(CNc2nc(nn2C(=O)c2ccc(F)cc2)-c2ccco2)cc1","MolPort-007-688-038",200,200,"https://www.molport.com/shop/molecule-link/MolPort-007-688-038"
"O=C(CCC(=O)N1CCOc2c1cc(Cl)cc2)NCCCN1CCN(CC1)c1cc(C)ccc1C","EXACT","FOUND","Search completed!","Cc1ccc(C)c(c1)N1CCN(CCCNC(=O)CCC(=O)N2CCOc3ccc(Cl)cc23)CC1","MolPort-007-717-079",100,100,"https://www.molport.com/shop/molecule-link/MolPort-007-717-079"
"Oc1ccc(cc1)N1C(=O)C2C(C1=O)C1C=CC2C2C1C1C2C(=O)N(C1=O)c1ccc(cc1)O","EXACT","FOUND","Search completed!","Oc1ccc(cc1)N1C(=O)C2C3C(C2C1=O)C1C=CC3C2C1C(=O)N(C2=O)c1ccc(O)cc1","MolPort-001-958-174",300,300,"https://www.molport.com/shop/molecule-link/MolPort-001-958-174"
"CCC(=O)c1ccc(cc1)OCC(=O)OC(C(=O)Nc1c(C)n(n(c1=O)c1ccccc1)C)C","EXACT","FOUND","Search completed!","CCC(=O)c1ccc(OCC(=O)OC(C)C(=O)Nc2c(C)n(C)n(-c3ccccc3)c2=O)cc1","MolPort-009-244-509",300,300,"https://www.molport.com/shop/molecule-link/MolPort-009-244-509"
"CCCC(=O)Nc1ccc(cc1)N1CCOCC1","EXACT","FOUND","Search completed!","CCCC(=O)Nc1ccc(cc1)N1CCOCC1","MolPort-001-956-629",1700,1700,"https://www.molport.com/shop/molecule-link/MolPort-001-956-629"
"O=C(C1=C(C)NC(=C(C1c1ccc(cc1)Cl)C(=O)OCc1ccccc1)C)OCc1ccccc1","EXACT","FOUND","Search completed!","CC1=C(C(C(C(=O)OCc2ccccc2)=C(C)N1)c1ccc(Cl)cc1)C(=O)OCc1ccccc1","MolPort-000-419-050",100,100,"https://www.molport.com/shop/molecule-link/MolPort-000-419-050"
"CCOC(=O)c1csc(n1)n1nc(cc1C(F)(F)F)C","EXACT","FOUND","Search completed!","CCOC(=O)c1csc(n1)-n1nc(C)cc1C(F)(F)F","MolPort-001-777-502",100000,100000,"https://www.molport.com/shop/molecule-link/MolPort-001-777-502"
"O=C(N(c1nc2c(s1)cccc2Cl)Cc1cccnc1)C1COc2c(O1)cccc2","EXACT","FOUND","Search completed!","Clc1cccc2sc(nc12)N(Cc1cccnc1)C(=O)C1COc2ccccc2O1","MolPort-003-128-915",200,200,"https://www.molport.com/shop/molecule-link/MolPort-003-128-915"
"Nc1ccc(cc1C)[C@@](c1ccc(cc1)Nc1ccccc1)(c1ccc(cc1)Nc1ccc(cc1)S(=O)(=O)[O-])O.[Na+]","RACEMATE","FOUND","Search completed!","[Na+].Cc1cc(ccc1N)C(O)(c1ccc(Nc2ccccc2)cc1)c1ccc(Nc2ccc(cc2)S([O-])(=O)=O)cc1","MolPort-003-913-091",40000,40000,"https://www.molport.com/shop/molecule-link/MolPort-003-913-091"
"O=C(Nc1cc(ccc1N1CCOCC1)C(F)(F)F)CCc1nc(O)c2c(n1)cccc2","EXACT","FOUND","Search completed!","FC(F)(F)c1ccc(N2CCOCC2)c(NC(=O)CCc2nc3ccccc3c(=O)[nH]2)c1","MolPort-004-570-351",200,200,"https://www.molport.com/shop/molecule-link/MolPort-004-570-351"
"O=C(Nc1cc(ccc1Cl)C(F)(F)F)CN1CCN(CC1)C(=O)c1ccco1","EXACT","FOUND","Search completed!","FC(F)(F)c1ccc(Cl)c(NC(=O)CN2CCN(CC2)C(=O)c2ccco2)c1","MolPort-002-308-672",100,100,"https://www.molport.com/shop/molecule-link/MolPort-002-308-672"
"O1CCN(CC1)c1nccc(c1)CNCc1ccc2c(c1)CCO2.Cl","EXACT","FOUND","Search completed!","Cl.C(NCc1ccnc(c1)N1CCOCC1)c1ccc2OCCc2c1","MolPort-020-062-884",100,100,"https://www.molport.com/shop/molecule-link/MolPort-020-062-884"
"O=C(c1ccc(cc1)N=Cc1c(O)cccc1Cl)N1CCCCC1","ISOMER","FOUND","Search completed!","Oc1cccc(Cl)c1\C=N\c1ccc(cc1)C(=O)N1CCCCC1","MolPort-002-697-484",50,50,"https://www.molport.com/shop/molecule-link/MolPort-002-697-484"
"Fc1ccc(cc1)C1N2CC3(CN1CC(C2)(C3=O)c1ccccc1)C","EXACT","FOUND","Search completed!","CC12CN3CC(CN(C1)C3c1ccc(F)cc1)(C2=O)c1ccccc1","MolPort-002-733-918",200,200,"https://www.molport.com/shop/molecule-link/MolPort-002-733-918"
"FC(CN1CCC(C1)CNCc1c[nH]nc1C(C)(C)C)(F)F.Cl","EXACT","FOUND","Search completed!","Cl.CC(C)(C)c1n[nH]cc1CNCC1CCN(CC(F)(F)F)C1","MolPort-020-064-182",100,100,"https://www.molport.com/shop/molecule-link/MolPort-020-064-182"
"O=C(Nc1cccc(c1)C)CSc1nc(nc2c1c(=O)n(C)c(=O)n2C)C(C)C","EXACT","FOUND","Search completed!","CC(C)c1nc(SCC(=O)Nc2cccc(C)c2)c2c(n1)n(C)c(=O)n(C)c2=O","MolPort-003-041-085",100,100,"https://www.molport.com/shop/molecule-link/MolPort-003-041-085"
"CCOc1ccccc1C=NNC(=O)c1cnccn1","ISOMER","FOUND","Search completed!","CCOc1ccccc1\C=N/NC(=O)c1cnccn1","MolPort-000-442-834",300,300,"https://www.molport.com/shop/molecule-link/MolPort-000-442-834"
"CCCc1cc(NCCN2CCOCC2)n2c(c1C#N)nc1c2cccc1","EXACT","FOUND","Search completed!","CCCc1cc(NCCN2CCOCC2)n2c3ccccc3nc2c1C#N","MolPort-002-592-625",300,300,"https://www.molport.com/shop/molecule-link/MolPort-002-592-625"
"O=C1C=C(Nc2cccc(c2)Cl)CC(C1)c1ccco1","EXACT","FOUND","Search completed!","OC1=C\C(CC(C1)c1ccco1)=N/c1cccc(Cl)c1","MolPort-000-817-009",300,300,"https://www.molport.com/shop/molecule-link/MolPort-000-817-009"
"CCC(Sc1nc(O)cc(=O)n1C)C","EXACT","FOUND","Search completed!","CCC(C)Sc1nc(O)cc(=O)n1C","MolPort-002-113-916",50,50,"https://www.molport.com/shop/molecule-link/MolPort-002-113-916"
"CCCc1nn2c(s1)nc(cc2=O)COC(=O)c1ccc(cc1)NC(=O)C(Oc1ccccc1)C","EXACT","FOUND","Search completed!","CCCc1nn2c(nc(COC(=O)c3ccc(NC(=O)C(C)Oc4ccccc4)cc3)cc2=O)s1","MolPort-007-848-028",100,100,"https://www.molport.com/shop/molecule-link/MolPort-007-848-028"
"CCOc1ccc(cc1)N(C(=O)c1cn(CC)c(=O)c2c1cc(OC)c(c2)OC)CC","EXACT","FOUND","Search completed!","CCOc1ccc(cc1)N(CC)C(=O)c1cn(CC)c(=O)c2cc(OC)c(OC)cc12","MolPort-007-581-531",2,2,"https://www.molport.com/shop/molecule-link/MolPort-007-581-531"
"CCOc1cc(C=NNC(=S)N)ccc1OCc1c(F)cccc1Cl","ISOMER","FOUND","Search completed!","CCOc1cc(\C=N\NC(S)=N)ccc1OCc1c(F)cccc1Cl","MolPort-000-675-476",1700,1700,"https://www.molport.com/shop/molecule-link/MolPort-000-675-476"
"O=C(NCc1cc(=O)n(c(=O)n1C)C)CCNC(=O)c1cc(C)cc(c1)C","EXACT","FOUND","Search completed!","Cc1cc(C)cc(c1)C(=O)NCCC(=O)NCc1cc(=O)n(C)c(=O)n1C","MolPort-002-667-333",300,300,"https://www.molport.com/shop/molecule-link/MolPort-002-667-333"
"Clc1ccc(cc1)n1nnc(c1N)c1onc(n1)c1cccs1","EXACT","FOUND","Search completed!","Nc1c(nnn1-c1ccc(Cl)cc1)-c1nc(no1)-c1cccs1","MolPort-007-745-354",30,30,"https://www.molport.com/shop/molecule-link/MolPort-007-745-354"
"O=C(c1ccccc1)N1CCN(CC1)Cc1ccccc1.OC(=O)C(=O)O","EXACT","FOUND","Search completed!","O=C(N1CCN(Cc2ccccc2)CC1)c1ccccc1","MolPort-000-214-237",100,100,"https://www.molport.com/shop/molecule-link/MolPort-000-214-237"
"COc1ccc(cc1)OCC(=O)Nc1cc(ccc1OC)c1nc2c(o1)cccc2","EXACT","FOUND","Search completed!","COc1ccc(OCC(=O)Nc2cc(ccc2OC)-c2nc3ccccc3o2)cc1","MolPort-002-006-952",100,100,"https://www.molport.com/shop/molecule-link/MolPort-002-006-952"
"CNC1CCCN(C1)Cc1noc(n1)C1CC1.Cl","EXACT","FOUND","Search completed!","Cl.CNC1CCCN(Cc2noc(n2)C2CC2)C1","MolPort-020-168-118",200,200,"https://www.molport.com/shop/molecule-link/MolPort-020-168-118"
"COc1cccc(c1)NC(c1nnnn1c1c(C)cccc1C)(C)C","EXACT","FOUND","Search completed!","COc1cccc(NC(C)(C)c2nnnn2-c2c(C)cccc2C)c1","MolPort-002-549-902",50,50,"https://www.molport.com/shop/molecule-link/MolPort-002-549-902"
"OC[C@H]1O[C@H]([C@@H]([C@@H]1O)O)n1cc(F)c(nc1=O)N.Cl","EXACT","FOUND","Search completed!","Nc1nc(=O)n(cc1F)[C@@H]1O[C@H](CO)[C@@H](O)[C@H]1O","MolPort-002-070-505",125000,125000,"https://www.molport.com/shop/molecule-link/MolPort-002-070-505"
"O=C(Nc1nccc(c1)C)CCNS(=O)(=O)c1ccc(c(c1)C)C","EXACT","FOUND","Search completed!","Cc1ccnc(NC(=O)CCNS(=O)(=O)c2ccc(C)c(C)c2)c1","MolPort-004-630-597",200,200,"https://www.molport.com/shop/molecule-link/MolPort-004-630-597"
"Cc1cccc(c1)N1CC(CC1=O)c1nc2c(n1CCC1CCCCC1)cccc2","EXACT","FOUND","Search completed!","Cc1cccc(c1)N1CC(CC1=O)c1nc2ccccc2n1CCC1CCCCC1","MolPort-000-642-355",300,300,"https://www.molport.com/shop/molecule-link/MolPort-000-642-355"
"O=C(c1ccc2c(c1)cccc2)NC1CCCCC1","EXACT","FOUND","Search completed!","O=C(NC1CCCCC1)c1ccc2ccccc2c1","MolPort-002-208-689",50,50,"https://www.molport.com/shop/molecule-link/MolPort-002-208-689"
"Fc1ccccc1NC(=O)C12CCC(C2(C)C)(c2c1nc1ccccc1n2)C","EXACT","FOUND","Search completed!","CC1(C)C2(C)CCC1(C(=O)Nc1ccccc1F)c1nc3ccccc3nc21","MolPort-000-256-772",300,300,"https://www.molport.com/shop/molecule-link/MolPort-000-256-772"
"O=C(Nc1cccc(c1C)C)CCNS(=O)(=O)c1cccc2c1non2","EXACT","FOUND","Search completed!","Cc1cccc(NC(=O)CCNS(=O)(=O)c2cccc3nonc23)c1C","MolPort-007-588-041",10,10,"https://www.molport.com/shop/molecule-link/MolPort-007-588-041"
"Cc1ccc2c(c1)c(CN1CCCC1)cs2.Cl","EXACT","FOUND","Search completed!","Cl.Cc1ccc2scc(CN3CCCC3)c2c1","MolPort-046-862-532",200,200,"https://www.molport.com/shop/molecule-link/MolPort-046-862-532"
"COc1cccc(c1)NS(=O)(=O)c1ccsc1C(=O)OC","EXACT","FOUND","Search completed!","COC(=O)c1sccc1S(=O)(=O)Nc1cccc(OC)c1","MolPort-006-384-254",100,100,"https://www.molport.com/shop/molecule-link/MolPort-006-384-254"
"COc1ccc(cc1NC(=O)CCNC(=O)Cn1cnc2c(c1=O)cccc2)OC","EXACT","FOUND","Search completed!","COc1ccc(OC)c(NC(=O)CCNC(=O)Cn2cnc3ccccc3c2=O)c1","MolPort-007-580-341",50,50,"https://www.molport.com/shop/molecule-link/MolPort-007-580-341"
"COc1cc(C=NNC(=O)c2ccccc2N)ccc1O","ISOMER","FOUND","Search completed!","COc1cc(\C=N\NC(=O)c2ccccc2N)ccc1O","MolPort-001-015-364",4400,4400,"https://www.molport.com/shop/molecule-link/MolPort-001-015-364"
"Brc1ccc2c(c1)C(=O)N(C2=O)c1cccc(n1)C","EXACT","FOUND","Search completed!","Cc1cccc(n1)N1C(=O)c2ccc(Br)cc2C1=O","MolPort-001-913-609",10,10,"https://www.molport.com/shop/molecule-link/MolPort-001-913-609"
"OCCC1CN(CCN1Cc1ccc(c(c1)F)F)Cc1cnn(c1C)CCC","EXACT","FOUND","Search completed!","CCCn1ncc(CN2CCN(Cc3ccc(F)c(F)c3)C(CCO)C2)c1C","MolPort-005-049-864",10,10,"https://www.molport.com/shop/molecule-link/MolPort-005-049-864"
"COc1ccccc1NC(=O)CSc1nnc(n1n1cccc1)c1cccs1","EXACT","FOUND","Search completed!","COc1ccccc1NC(=O)CSc1nnc(-c2cccs2)n1-n1cccc1","MolPort-003-147-625",100,100,"https://www.molport.com/shop/molecule-link/MolPort-003-147-625"
"Cc1ccc(c(c1)S(=O)(=O)N1CCCC1CNC(=O)C(=O)NCc1ccccn1)C","EXACT","FOUND","Search completed!","Cc1ccc(C)c(c1)S(=O)(=O)N1CCCC1CNC(=O)C(=O)NCc1ccccn1","MolPort-003-138-460",50,50,"https://www.molport.com/shop/molecule-link/MolPort-003-138-460"
"Cc1ccc2c(c1)sc(n2)N(C(=O)COc1ccccc1)Cc1cccnc1","EXACT","FOUND","Search completed!","Cc1ccc2nc(sc2c1)N(Cc1cccnc1)C(=O)COc1ccccc1","MolPort-003-128-696",75,75,"https://www.molport.com/shop/molecule-link/MolPort-003-128-696"
"O=C(Cc1ccc(cc1)F)OCC(=O)c1ccc2c(c1)NC(=O)CO2","EXACT","FOUND","Search completed!","Fc1ccc(CC(=O)OCC(=O)c2ccc3OCC(=O)Nc3c2)cc1","MolPort-003-318-847",400,400,"https://www.molport.com/shop/molecule-link/MolPort-003-318-847"
"O=C(c1cccs1)Nc1ccccc1N1CCOCC1","EXACT","FOUND","Search completed!","O=C(Nc1ccccc1N1CCOCC1)c1cccs1","MolPort-002-000-299",27700,27700,"https://www.molport.com/shop/molecule-link/MolPort-002-000-299"
"CCOc1ccc(cc1)C(=O)c1c(N)c(c2n1cccc2)c1scc(n1)c1ccc(cc1)[N+](=O)[O-]","EXACT","FOUND","Search completed!","CCOc1ccc(cc1)C(=O)c1c(N)c(-c2nc(cs2)-c2ccc(cc2)[N+]([O-])=O)c2ccccn12","MolPort-007-686-666",100,100,"https://www.molport.com/shop/molecule-link/MolPort-007-686-666"
"O=C(c1cocn1)N1CCC2(CC1)COC(C2)COCc1ccccn1","EXACT","FOUND","Search completed!","OC(=O)C(F)(F)F.O=C(N1CCC2(COC(COCc3ccccn3)C2)CC1)c1cocn1","MolPort-047-264-897",0,25,"https://www.molport.com/shop/molecule-link/MolPort-047-264-897"
"CCCNCc1cn(nc1c1cccnc1)C.Cl","EXACT","FOUND","Search completed!","Cl.CCCNCc1cn(C)nc1-c1cccnc1","MolPort-009-570-525",100,100,"https://www.molport.com/shop/molecule-link/MolPort-009-570-525"
"CCN(CCCNCC(=O)Nc1ccc2c(c1)CCC2)CC","EXACT","FOUND","Search completed!","CCN(CC)CCCNCC(=O)Nc1ccc2CCCc2c1","MolPort-004-029-985",800,800,"https://www.molport.com/shop/molecule-link/MolPort-004-029-985"
"CC(=O)c1nnn(c1C)c1cnn(c(=O)c1Br)c1ccccc1","EXACT","FOUND","Search completed!","CC(=O)c1nnn(c1C)-c1cnn(-c2ccccc2)c(=O)c1Br","MolPort-035-883-102",0,20,"https://www.molport.com/shop/molecule-link/MolPort-035-883-102"
"COc1ccc(cc1CN1CCc2n(CC1)c(nn2)CCNC(=O)c1ccc(cc1C)C)OC","EXACT","FOUND","Search completed!","COc1ccc(OC)c(CN2CCc3nnc(CCNC(=O)c4ccc(C)cc4C)n3CC2)c1","MolPort-005-000-985",5,5,"https://www.molport.com/shop/molecule-link/MolPort-005-000-985"
"CCNc1nc2c(n1CC(COc1ccc(c(c1)C)C)O)c(=O)[nH]c(=O)n2C","EXACT","FOUND","Search completed!","CCNc1nc2n(C)c(=O)[nH]c(=O)c2n1CC(O)COc1ccc(C)c(C)c1","MolPort-000-139-161",200,200,"https://www.molport.com/shop/molecule-link/MolPort-000-139-161"
"Clc1ccc(cc1)C(=O)N1CCC(CC1)C(=O)N1CCCc2c1cccc2","EXACT","FOUND","Search completed!","Clc1ccc(cc1)C(=O)N1CCC(CC1)C(=O)N1CCCc2ccccc12","MolPort-002-786-293",100,100,"https://www.molport.com/shop/molecule-link/MolPort-002-786-293"
"O=C(c1ccc(cc1)S(=O)(=O)Nc1ccccc1F)NCc1ccccn1","EXACT","FOUND","Search completed!","Fc1ccccc1NS(=O)(=O)c1ccc(cc1)C(=O)NCc1ccccn1","MolPort-004-670-863",200,200,"https://www.molport.com/shop/molecule-link/MolPort-004-670-863"
"O=C(Nc1cccc(c1)C(F)(F)F)CSc1nnc(n1C)COc1ccccc1C","EXACT","FOUND","Search completed!","Cc1ccccc1OCc1nnc(SCC(=O)Nc2cccc(c2)C(F)(F)F)n1C","MolPort-001-988-160",100,100,"https://www.molport.com/shop/molecule-link/MolPort-001-988-160"
"OC[C@@H]1O[C@@H](O[C@H]2[C@H](O[C@H]3[C@H](O)[C@@H](O)[C@@H]([C@H]([C@@H]3NC(=N)N)O)NC(=N)N)O[C@H]([C@]2(O)C=O)C)[C@H]([C@@H]([C@H]1O)O)NC","EXACT","FOUND","Search completed!","CN[C@H]1[C@H](O)[C@@H](O)[C@H](CO)O[C@H]1O[C@H]1[C@H](O[C@H]2[C@H](O)[C@@H](O)[C@H](NC(N)=N)[C@@H](O)[C@@H]2NC(N)=N)O[C@@H](C)[C@]1(O)C=O","MolPort-002-525-998",600000,600000,"https://www.molport.com/shop/molecule-link/MolPort-002-525-998"
"COc1ccc(cc1)c1nnc(n1n1cccc1)SCC(=O)Nc1cc(OC)ccc1OC","EXACT","FOUND","Search completed!","COc1ccc(cc1)-c1nnc(SCC(=O)Nc2cc(OC)ccc2OC)n1-n1cccc1","MolPort-003-135-740",100,100,"https://www.molport.com/shop/molecule-link/MolPort-003-135-740"
"O=C(NNC(=O)c1ccccc1O)CCCOc1ccc(cc1C)Cl","EXACT","FOUND","Search completed!","Cc1cc(Cl)ccc1OCCCC(=O)NNC(=O)c1ccccc1O","MolPort-005-737-414",100,100,"https://www.molport.com/shop/molecule-link/MolPort-005-737-414"
"COc1ccc(cc1)/C=C/C(=O)Nc1sc2c(c1C(=O)O)CCC2","EXACT","FOUND","Search completed!","COc1ccc(\C=C\C(=O)Nc2sc3CCCc3c2C(O)=O)cc1","MolPort-002-174-368",200,200,"https://www.molport.com/shop/molecule-link/MolPort-002-174-368"
"CCCCc1ccc(cc1)B(O)O","EXACT","FOUND","Search completed!","CCCCc1ccc(cc1)B(O)O","MolPort-000-931-552",300000,500000,"https://www.molport.com/shop/molecule-link/MolPort-000-931-552"
"Cc1nn(c(c1CNCc1cccnc1N1CCOCC1)Cl)C.Cl","EXACT","FOUND","Search completed!","Cl.Cc1nn(C)c(Cl)c1CNCc1cccnc1N1CCOCC1","MolPort-009-308-511",10,10,"https://www.molport.com/shop/molecule-link/MolPort-009-308-511"
"O=C(Nc1c(C)n[nH]c1C)CN1CCCC(C1)CNC(=O)C(C)(C)C","EXACT","FOUND","Search completed!","Cc1n[nH]c(C)c1NC(=O)CN1CCCC(CNC(=O)C(C)(C)C)C1","MolPort-023-194-729",10,10,"https://www.molport.com/shop/molecule-link/MolPort-023-194-729"
"CCc1ccc(cc1)OCC(=O)Nc1c(C)ccc2c1nsn2","EXACT","FOUND","Search completed!","CCc1ccc(OCC(=O)Nc2c(C)ccc3nsnc23)cc1","MolPort-002-019-914",200,200,"https://www.molport.com/shop/molecule-link/MolPort-002-019-914"
"COc1ccc2c(c1)n(CC(=O)Nc1cccc(c1)F)c(=O)c(c2)CNc1ccc(cc1)C","EXACT","FOUND","Search completed!","COc1ccc2cc(CNc3ccc(C)cc3)c(=O)n(CC(=O)Nc3cccc(F)c3)c2c1","MolPort-005-281-359",75,75,"https://www.molport.com/shop/molecule-link/MolPort-005-281-359"
"CCCn1c(nc2c1cccc2)C(NC(=O)c1ccc(c(c1)OC)OC)C","EXACT","FOUND","Search completed!","CCCn1c(nc2ccccc12)C(C)NC(=O)c1ccc(OC)c(OC)c1","MolPort-000-479-454",300,300,"https://www.molport.com/shop/molecule-link/MolPort-000-479-454"
"NC1=NC(n2c(N1)nc1c2cccc1)c1ccccc1Cl","EXACT","FOUND","Search completed!","NC1=NC(c2ccccc2Cl)n2c(N1)nc1ccccc21","MolPort-000-472-730",300,1000,"https://www.molport.com/shop/molecule-link/MolPort-000-472-730"
"Cc1nn(c(c1CNCc1cccnc1N1CCOCC1)Cl)C","EXACT","FOUND","Search completed!","Cl.Cc1nn(C)c(Cl)c1CNCc1cccnc1N1CCOCC1","MolPort-009-308-511",10,10,"https://www.molport.com/shop/molecule-link/MolPort-009-308-511"
"CN1CCN(CC1)c1nc(Nc2ccc(cc2)Cl)c(c(n1)N)[N+](=O)[O-]","EXACT","FOUND","Search completed!","CN1CCN(CC1)c1nc(N)c(c(Nc2ccc(Cl)cc2)n1)[N+]([O-])=O","MolPort-000-492-785",300,300,"https://www.molport.com/shop/molecule-link/MolPort-000-492-785"
"CCCCCOC(=C1C(=NC(=S)NC1c1ccccc1)C)O","EXACT","FOUND","Search completed!","CCCCCOC(=O)C1=C(C)NC(=S)NC1c1ccccc1","MolPort-000-908-513",200,200,"https://www.molport.com/shop/molecule-link/MolPort-000-908-513"
"CCn1c2nnc(n2c2c(c1=O)scc2)CCCC(=O)NC1CCCCCC1","EXACT","FOUND","Search completed!","CCn1c2nnc(CCCC(=O)NC3CCCCCC3)n2c2ccsc2c1=O","MolPort-007-745-502",50,50,"https://www.molport.com/shop/molecule-link/MolPort-007-745-502"
"O=S(=O)(c1cccs1)NCCNS(=O)(=O)c1cccs1","EXACT","FOUND","Search completed!","O=S(=O)(NCCNS(=O)(=O)c1cccs1)c1cccs1","MolPort-002-720-912",100,100,"https://www.molport.com/shop/molecule-link/MolPort-002-720-912"
"O=C(Nc1ccc(cc1)C(=O)C)CCc1c(C)nc2n(c1C)nc(c2c1ccccc1)C","EXACT","FOUND","Search completed!","CC(=O)c1ccc(NC(=O)CCc2c(C)nc3c(c(C)nn3c2C)-c2ccccc2)cc1","MolPort-007-643-848",3,3,"https://www.molport.com/shop/molecule-link/MolPort-007-643-848"
"S=C(N1CCCCC1)Nc1ccc2c(c1)c(=O)n1c(n2)CCCCC1","EXACT","FOUND","Search completed!","O=c1n2CCCCCc2nc2ccc(NC(=S)N3CCCCC3)cc12","MolPort-007-582-420",200,200,"https://www.molport.com/shop/molecule-link/MolPort-007-582-420"
"OC(CN1CCc2c(C1)cccc2)COCc1ccc(cc1)Cl.Cl","EXACT","FOUND","Search completed!","Cl.OC(COCc1ccc(Cl)cc1)CN1CCc2ccccc2C1","MolPort-002-118-780",800,800,"https://www.molport.com/shop/molecule-link/MolPort-002-118-780"
"S=C(NC(=O)c1cccnc1)NNC(=O)c1ccc(cc1)Cl","EXACT","FOUND","Search completed!","Clc1ccc(cc1)C(=O)NNC(=S)NC(=O)c1cccnc1","MolPort-001-890-726",300,300,"https://www.molport.com/shop/molecule-link/MolPort-001-890-726"
"O=C(c1ccc[nH]1)N1CCc2c(C1)cncc2COCc1ccncc1","EXACT","FOUND","Search completed!","OC(=O)C(F)(F)F.OC(=O)C(F)(F)F.O=C(N1CCc2c(COCc3ccncc3)cncc2C1)c1ccc[nH]1","MolPort-047-209-452",0,25,"https://www.molport.com/shop/molecule-link/MolPort-047-209-452"
"S=C(Nc1c(Cl)cccc1Cl)NC(=O)c1ccccc1","EXACT","FOUND","Search completed!","Clc1cccc(Cl)c1NC(=S)NC(=O)c1ccccc1","MolPort-000-421-395",22100,22100,"https://www.molport.com/shop/molecule-link/MolPort-000-421-395"
"Cc1ccc(cc1)Nc1c(nc2n1cc(C)cc2)c1cccs1","EXACT","FOUND","Search completed!","Cc1ccc(Nc2c(nc3ccc(C)cn23)-c2cccs2)cc1","MolPort-002-979-331",100,100,"https://www.molport.com/shop/molecule-link/MolPort-002-979-331"
"COCN(c1c(CC)cccc1CC)C(=O)Cn1c(CO)nc2c1cccc2","EXACT","FOUND","Search completed!","CCc1cccc(CC)c1N(COC)C(=O)Cn1c(CO)nc2ccccc12","MolPort-000-697-615",300,300,"https://www.molport.com/shop/molecule-link/MolPort-000-697-615"
"CCOC(=O)c1ccccc1NC(=O)Cn1c2ccccc2c(=O)n(c1=O)CC1CCCO1","EXACT","FOUND","Search completed!","CCOC(=O)c1ccccc1NC(=O)Cn1c2ccccc2c(=O)n(CC2CCCO2)c1=O","MolPort-007-609-309",2,2,"https://www.molport.com/shop/molecule-link/MolPort-007-609-309"
"COC(=O)/C(=C/C(=O)c1ccccc1F)/O","RACEMATE","FOUND","Search completed!","COC(=O)C(=O)CC(=O)c1ccccc1F","MolPort-002-469-316",10000,10000,"https://www.molport.com/shop/molecule-link/MolPort-002-469-316"
"O=C(C(n1cccn1)C)NCc1ccnc(c1)N1CCCCCC1","EXACT","FOUND","Search completed!","CC(C(=O)NCc1ccnc(c1)N1CCCCCC1)n1cccn1","MolPort-020-040-521",100,100,"https://www.molport.com/shop/molecule-link/MolPort-020-040-521"
"O=C(Nc1ccc(cc1Br)[N+](=O)[O-])CN1C(=O)c2c(C1=O)cccc2","EXACT","FOUND","Search completed!","[O-][N+](=O)c1ccc(NC(=O)CN2C(=O)c3ccccc3C2=O)c(Br)c1","MolPort-002-711-870",50,50,"https://www.molport.com/shop/molecule-link/MolPort-002-711-870"
"O=C(c1cccc(c1C)[N+](=O)[O-])NCCCc1ccccc1","EXACT","FOUND","Search completed!","Cc1c(cccc1[N+]([O-])=O)C(=O)NCCCc1ccccc1","MolPort-001-539-966",300,300,"https://www.molport.com/shop/molecule-link/MolPort-001-539-966"
"COc1ccc(cc1)NC(=O)c1cc(oc1C)c1ccc(cc1[N+](=O)[O-])Cl","EXACT","FOUND","Search completed!","COc1ccc(NC(=O)c2cc(oc2C)-c2ccc(Cl)cc2[N+]([O-])=O)cc1","MolPort-000-638-847",50,50,"https://www.molport.com/shop/molecule-link/MolPort-000-638-847"
"Fc1ccc(cc1)c1c[n+](c2n1CCS2)c1ccccc1.[Br-]","EXACT","FOUND","Search completed!","O.[Br-].Fc1ccc(cc1)-c1c[n+](c2SCCn12)-c1ccccc1","MolPort-000-716-775",200,200,"https://www.molport.com/shop/molecule-link/MolPort-000-716-775"
"Clc1ccccc1c1nnc2n1[nH]/c(=C/Cc1ccccc1)/s2","EXACT","FOUND","Search completed!","Clc1ccccc1-c1nnc2sc(CCc3ccccc3)nn12","MolPort-002-272-146",50,50,"https://www.molport.com/shop/molecule-link/MolPort-002-272-146"
"CCOC(=O)c1nc(Nc2ccc(cc2)Cl)c2c(n1)onc2C","EXACT","FOUND","Search completed!","CCOC(=O)c1nc(Nc2ccc(Cl)cc2)c2c(C)noc2n1","MolPort-007-867-000",20,20,"https://www.molport.com/shop/molecule-link/MolPort-007-867-000"
"O=C(N[C@H](C(=O)O)Cc1c[nH]c2c1cccc2)COc1ccc2c(c1C)oc(=O)c(c2C)C","EXACT","FOUND","Search completed!","Cc1c(OCC(=O)N[C@@H](Cc2c[nH]c3ccccc23)C(O)=O)ccc2c(C)c(C)c(=O)oc12","MolPort-002-517-254",1100,1100,"https://www.molport.com/shop/molecule-link/MolPort-002-517-254"
"O=C(NC1CC1)CCc1onc(n1)c1ccc(cc1)C","EXACT","FOUND","Search completed!","Cc1ccc(cc1)-c1noc(CCC(=O)NC2CC2)n1","MolPort-003-336-506",100,100,"https://www.molport.com/shop/molecule-link/MolPort-003-336-506"
"COCCn1cnc2c1c(=O)n(Cc1c(F)cccc1Cl)c(=O)n2Cc1ccccc1","EXACT","FOUND","Search completed!","COCCn1cnc2n(Cc3ccccc3)c(=O)n(Cc3c(F)cccc3Cl)c(=O)c12","MolPort-004-085-800",100,100,"https://www.molport.com/shop/molecule-link/MolPort-004-085-800"
"FC(Oc1ccccc1NC(=O)c1ccc(cc1)C)F","EXACT","FOUND","Search completed!","Cc1ccc(cc1)C(=O)Nc1ccccc1OC(F)F","MolPort-000-754-460",400,400,"https://www.molport.com/shop/molecule-link/MolPort-000-754-460"
"O=NN(c1ccccn1)C","EXACT","FOUND","Search completed!","CN(N=O)c1ccccn1","MolPort-047-348-422",10000,10000,"https://www.molport.com/shop/molecule-link/MolPort-047-348-422"
"Cc1scc(n1)CN1CCOCC2(C1)CCN(C2)c1ccccn1","EXACT","FOUND","Search completed!","OC(=O)C(F)(F)F.OC(=O)C(F)(F)F.Cc1nc(CN2CCOCC3(CCN(C3)c3ccccn3)C2)cs1","MolPort-047-660-911",0,25,"https://www.molport.com/shop/molecule-link/MolPort-047-660-911"
"COC(=O)c1ccc(cc1)NC(=O)C1(C)CC2c3c(C1c1c2cccc1)cccc3","EXACT","FOUND","Search completed!","COC(=O)c1ccc(NC(=O)C2(C)CC3c4ccccc4C2c2ccccc32)cc1","MolPort-001-940-227",30,30,"https://www.molport.com/shop/molecule-link/MolPort-001-940-227"
"COc1ccc(c(c1)c1nn(cc1C(=O)NCC(c1cccs1)N1CCOCC1)c1ccccc1)OC","EXACT","FOUND","Search completed!","COc1ccc(OC)c(c1)-c1nn(cc1C(=O)NCC(N1CCOCC1)c1cccs1)-c1ccccc1","MolPort-005-728-575",200,200,"https://www.molport.com/shop/molecule-link/MolPort-005-728-575"
"COc1ccccc1CNC(=O)Cn1cccc1C(=O)c1ccccc1","EXACT","FOUND","Search completed!","COc1ccccc1CNC(=O)Cn1cccc1C(=O)c1ccccc1","MolPort-007-675-924",30,30,"https://www.molport.com/shop/molecule-link/MolPort-007-675-924"
"NNC(=O)c1ccc(cc1)COc1cccc2c1cccc2","EXACT","FOUND","Search completed!","NNC(=O)c1ccc(COc2cccc3ccccc23)cc1","MolPort-000-825-907",300,300,"https://www.molport.com/shop/molecule-link/MolPort-000-825-907"
"COc1cc(ccc1OC)NC(=O)CCCCCn1nnc2c(c1=O)cccc2","EXACT","FOUND","Search completed!","COc1ccc(NC(=O)CCCCCn2nnc3ccccc3c2=O)cc1OC","MolPort-002-651-163",300,300,"https://www.molport.com/shop/molecule-link/MolPort-002-651-163"
"O=C(c1ccc(cc1)NC(=O)c1cccc(c1C)[N+](=O)[O-])Nc1ccccc1","EXACT","FOUND","Search completed!","Cc1c(cccc1[N+]([O-])=O)C(=O)Nc1ccc(cc1)C(=O)Nc1ccccc1","MolPort-001-970-342",50,50,"https://www.molport.com/shop/molecule-link/MolPort-001-970-342"
"NNC(=O)C12CC3(C)CC(C2)(CC(C1)(C3)C)C","EXACT","FOUND","Search completed!","CC12CC3(C)CC(C)(C1)CC(C2)(C3)C(=O)NN","MolPort-002-133-792",200,200,"https://www.molport.com/shop/molecule-link/MolPort-002-133-792"
"CSc1ccccc1NS(=O)(=O)c1ccccc1F","EXACT","FOUND","Search completed!","CSc1ccccc1NS(=O)(=O)c1ccccc1F","MolPort-004-084-674",100,100,"https://www.molport.com/shop/molecule-link/MolPort-004-084-674"
"O=C(NC1CCCc2c1cccc2)CCC(=O)N1CCN(CC1)S(=O)(=O)c1ccccc1","EXACT","FOUND","Search completed!","O=C(CCC(=O)N1CCN(CC1)S(=O)(=O)c1ccccc1)NC1CCCc2ccccc12","MolPort-028-827-351",100,100,"https://www.molport.com/shop/molecule-link/MolPort-028-827-351"
"O=C(Nc1ccc(c(c1)Cl)C)CSc1nc(=O)n(c2c1CCC2)Cc1ccncc1","EXACT","FOUND","Search completed!","Cc1ccc(NC(=O)CSc2nc(=O)n(Cc3ccncc3)c3CCCc23)cc1Cl","MolPort-003-157-841",100,100,"https://www.molport.com/shop/molecule-link/MolPort-003-157-841"
"CC(CNC(c1ccccc1)CC(=O)O)C","EXACT","FOUND","Search completed!","CC(C)CNC(CC(O)=O)c1ccccc1","MolPort-002-726-669",800,800,"https://www.molport.com/shop/molecule-link/MolPort-002-726-669"
"COCc1cccc(c1)CNCc1c(C)nn(c1N(C)C)C","EXACT","FOUND","Search completed!","COCc1cccc(CNCc2c(C)nn(C)c2N(C)C)c1","MolPort-009-586-496",100,100,"https://www.molport.com/shop/molecule-link/MolPort-009-586-496"
"Fc1ccc(cc1)CN1CCCN(CC1)Cc1ncsc1","EXACT","FOUND","Search completed!","Fc1ccc(CN2CCCN(Cc3cscn3)CC2)cc1","MolPort-020-108-036",50,50,"https://www.molport.com/shop/molecule-link/MolPort-020-108-036"
"O=C(C(C)C)Nc1ccc2c(c1)nc(o2)c1ccc(cc1)F","EXACT","FOUND","Search completed!","CC(C)C(=O)Nc1ccc2oc(nc2c1)-c1ccc(F)cc1","MolPort-007-699-300",50,50,"https://www.molport.com/shop/molecule-link/MolPort-007-699-300"
"c1ccc(cc1)Cn1c(nc2c1cccc2)c1ccccn1","EXACT","FOUND","Search completed!","C(c1ccccc1)n1c(nc2ccccc12)-c1ccccn1","MolPort-001-900-047",1,20,"https://www.molport.com/shop/molecule-link/MolPort-001-900-047"
"S=C(N1CCN(CC1)Cc1ccccc1)NCCc1ccccc1.OC(=O)C(=O)O","EXACT","FOUND","Search completed!","S=C(NCCc1ccccc1)N1CCN(Cc2ccccc2)CC1","MolPort-001-998-618",50,50,"https://www.molport.com/shop/molecule-link/MolPort-001-998-618"
"OC(CN1CCc2c(C1)cccc2)COCc1ccc(cc1)Cl","EXACT","FOUND","Search completed!","Cl.OC(COCc1ccc(Cl)cc1)CN1CCc2ccccc2C1","MolPort-002-118-780",800,800,"https://www.molport.com/shop/molecule-link/MolPort-002-118-780"
"CCN(c1ccc(cc1Br)C=C(c1ccc(c(c1)OC)OC)C#N)CC","ISOMER","FOUND","Search completed!","CCN(CC)c1ccc(\C=C(/C#N)c2ccc(OC)c(OC)c2)cc1Br","MolPort-003-182-983",10,10,"https://www.molport.com/shop/molecule-link/MolPort-003-182-983"
"CCOc1cc([N+](=O)[O-])c2c(c1)C1C=CCC1C(N2)C(C)C","EXACT","FOUND","Search completed!","CCOc1cc2C3C=CCC3C(Nc2c(c1)[N+]([O-])=O)C(C)C","MolPort-001-948-750",100,100,"https://www.molport.com/shop/molecule-link/MolPort-001-948-750"
"COCCn1c(SCC(=O)Nc2ccccc2)nc2c(c1=O)oc1c2cccc1","EXACT","FOUND","Search completed!","COCCn1c(SCC(=O)Nc2ccccc2)nc2c3ccccc3oc2c1=O","MolPort-003-070-607",300,300,"https://www.molport.com/shop/molecule-link/MolPort-003-070-607"
"FC(c1nc(nc(c1)c1cccs1)N1CCOCC1)(F)F","EXACT","FOUND","Search completed!","FC(F)(F)c1cc(nc(n1)N1CCOCC1)-c1cccs1","MolPort-001-604-058",50,50,"https://www.molport.com/shop/molecule-link/MolPort-001-604-058"
"O=C1N=C(Nc2ccccc2)SC(C1)C(=O)NCCc1ccccc1","EXACT","FOUND","Search completed!","O=C(NCCc1ccccc1)C1CC(=O)N\C(S1)=N\c1ccccc1","MolPort-002-589-991",300,300,"https://www.molport.com/shop/molecule-link/MolPort-002-589-991"
"Cc1ccc(c(c1)C)NC(=O)c1nc2n(n1)c(cc(n2)C)C(F)F","EXACT","FOUND","Search completed!","Cc1ccc(NC(=O)c2nc3nc(C)cc(C(F)F)n3n2)c(C)c1","MolPort-001-604-737",50,50,"https://www.molport.com/shop/molecule-link/MolPort-001-604-737"
"OC(=O)CCc1nc2cc(ccc2n(c1=O)Cc1ccccc1)C(F)(F)F","EXACT","FOUND","Search completed!","OC(=O)CCc1nc2cc(ccc2n(Cc2ccccc2)c1=O)C(F)(F)F","MolPort-000-490-649",10000,10000,"https://www.molport.com/shop/molecule-link/MolPort-000-490-649"
"Cc1ccc(cc1)C1CC1c1nnc(n1c1cccc(c1)Cl)S","EXACT","FOUND","Search completed!","Cc1ccc(cc1)C1CC1c1nnc(S)n1-c1cccc(Cl)c1","MolPort-002-751-780",20,20,"https://www.molport.com/shop/molecule-link/MolPort-002-751-780"
"CCC(c1nnc(s1)NC(=O)c1ccc(cc1)[N+](=O)[O-])(C)C","EXACT","FOUND","Search completed!","CCC(C)(C)c1nnc(NC(=O)c2ccc(cc2)[N+]([O-])=O)s1","MolPort-001-555-982",700,700,"https://www.molport.com/shop/molecule-link/MolPort-001-555-982"
"O=C(Nc1cccc(c1)F)NCCC1=CCCCC1","EXACT","FOUND","Search completed!","Fc1cccc(NC(=O)NCCC2=CCCCC2)c1","MolPort-002-128-971",100,100,"https://www.molport.com/shop/molecule-link/MolPort-002-128-971"
"O=C(C(C)C)NCC1CCC2(O1)CCN(CC2)Cc1ccc2c(c1)cccc2","EXACT","FOUND","Search completed!","CC(C)C(=O)NCC1CCC2(CCN(Cc3ccc4ccccc4c3)CC2)O1","MolPort-005-044-313",1,1,"https://www.molport.com/shop/molecule-link/MolPort-005-044-313"
"COc1cc(C=O)ccc1OCCCCOc1ccccc1[N+](=O)[O-]","EXACT","FOUND","Search completed!","COc1cc(C=O)ccc1OCCCCOc1ccccc1[N+]([O-])=O","MolPort-002-201-681",50,50,"https://www.molport.com/shop/molecule-link/MolPort-002-201-681"
"O=C(NCc1ccccc1F)CCC(=O)N1CCOc2c1cc(C)cc2","EXACT","FOUND","Search completed!","Cc1ccc2OCCN(C(=O)CCC(=O)NCc3ccccc3F)c2c1","MolPort-007-717-296",200,200,"https://www.molport.com/shop/molecule-link/MolPort-007-717-296"
"O=C(N(c1ccccc1)C)c1noc(c1)c1ccccc1O","EXACT","FOUND","Search completed!","CN(C(=O)c1cc(on1)-c1ccccc1O)c1ccccc1","MolPort-006-843-980",100,100,"https://www.molport.com/shop/molecule-link/MolPort-006-843-980"
"[O-][N+](=O)c1cccc(c1)c1ccc(nn1)SCc1cccnc1","EXACT","FOUND","Search completed!","[O-][N+](=O)c1cccc(c1)-c1ccc(SCc2cccnc2)nn1","MolPort-003-084-664",5,5,"https://www.molport.com/shop/molecule-link/MolPort-003-084-664"
"O=C(Cn1cc(C(=O)c2ccc(cc2)C)c(=O)c2c1cccc2)Nc1ccc(cc1)C(C)C","EXACT","FOUND","Search completed!","CC(C)c1ccc(NC(=O)Cn2cc(C(=O)c3ccc(C)cc3)c(=O)c3ccccc23)cc1","MolPort-003-072-546",100,100,"https://www.molport.com/shop/molecule-link/MolPort-003-072-546"
"[O-][n+]1onc2c1CCc1c2ccnn1","EXACT","FOUND","Search completed!","[O-][n+]1onc-2c1CCc1nnccc-21","MolPort-001-756-967",200,200,"https://www.molport.com/shop/molecule-link/MolPort-001-756-967"
"COC(=O)Cn1c(=O)n(C)c2c(c1=O)n(Cc1ccccc1Cl)c(n2)Br","EXACT","FOUND","Search completed!","COC(=O)Cn1c(=O)n(C)c2nc(Br)n(Cc3ccccc3Cl)c2c1=O","MolPort-002-545-408",100,100,"https://www.molport.com/shop/molecule-link/MolPort-002-545-408"
"Cc1ccc(c(c1)NC(=O)c1cc(ccc1N1CCOCC1)S(=O)(=O)N1CCCCC1)C","EXACT","FOUND","Search completed!","Cc1ccc(C)c(NC(=O)c2cc(ccc2N2CCOCC2)S(=O)(=O)N2CCCCC2)c1","MolPort-004-096-411",100,100,"https://www.molport.com/shop/molecule-link/MolPort-004-096-411"
"CCc1nc2ccccc2c(=O)n1c1ccc2c(c1)cccc2","EXACT","FOUND","Search completed!","CCc1nc2ccccc2c(=O)n1-c1ccc2ccccc2c1","MolPort-001-978-397",20,20,"https://www.molport.com/shop/molecule-link/MolPort-001-978-397"
"Cc1ccc(cc1)c1n[nH]cc1CNCc1ccccc1","EXACT","FOUND","Search completed!","Cc1ccc(cc1)-c1n[nH]cc1CNCc1ccccc1","MolPort-004-664-376",30,30,"https://www.molport.com/shop/molecule-link/MolPort-004-664-376"
"CCc1ccc(cc1)C1N(c2sc(c(n2)C)C)C(=O)c2c1c(=O)c1c(o2)ccc(c1)F","EXACT","FOUND","Search completed!","CCc1ccc(cc1)C1N(C(=O)c2oc3ccc(F)cc3c(=O)c12)c1nc(C)c(C)s1","MolPort-000-482-577",200,200,"https://www.molport.com/shop/molecule-link/MolPort-000-482-577"
"O=C(c1ccc(c(c1)[N+](=O)[O-])C)NCc1ccccn1","EXACT","FOUND","Search completed!","Cc1ccc(cc1[N+]([O-])=O)C(=O)NCc1ccccn1","MolPort-001-496-503",50,100,"https://www.molport.com/shop/molecule-link/MolPort-001-496-503"
"Oc1cccc(c1)c1nc2sc3c(c2c(=O)[nH]1)CCCC3","EXACT","FOUND","Search completed!","Oc1cccc(c1)-c1nc2sc3CCCCc3c2c(=O)[nH]1","MolPort-001-011-300",1000,1000,"https://www.molport.com/shop/molecule-link/MolPort-001-011-300"
"O=C(Nc1cccnc1O)CC1CCS(=O)(=O)C1","EXACT","FOUND","Search completed!","O=C(CC1CCS(=O)(=O)C1)Nc1ccc[nH]c1=O","MolPort-002-718-140",200,200,"https://www.molport.com/shop/molecule-link/MolPort-002-718-140"
"COc1cc(CCNC(=O)/C=C/c2ccccc2)ccc1OC","ISOMER","FOUND","Search completed!","COc1ccc(CCNC(=O)\C=C/c2ccccc2)cc1OC","MolPort-002-139-286",10,10,"https://www.molport.com/shop/molecule-link/MolPort-002-139-286"
"O=C(NCC1(CC1)c1ccccc1)CNCCn1cccn1","EXACT","FOUND","Search completed!","O=C(CNCCn1cccn1)NCC1(CC1)c1ccccc1","MolPort-023-147-311",75,75,"https://www.molport.com/shop/molecule-link/MolPort-023-147-311"
"OC(=O)CNS(=O)(=O)c1ccc(cc1)NC(=O)C","EXACT","FOUND","Search completed!","CC(=O)Nc1ccc(cc1)S(=O)(=O)NCC(O)=O","MolPort-001-887-190",10000,10000,"https://www.molport.com/shop/molecule-link/MolPort-001-887-190"
"CC(=O)Nc1ccc(cc1)NCc1cccs1","EXACT","FOUND","Search completed!","CC(=O)Nc1ccc(NCc2cccs2)cc1","MolPort-001-937-531",100,100,"https://www.molport.com/shop/molecule-link/MolPort-001-937-531"
"Fc1ccc(cc1)NC(=O)C1=C(C)Nc2n(C1c1ccc(cc1)Cl)ncn2","EXACT","FOUND","Search completed!","CC1=C(C(c2ccc(Cl)cc2)n2ncnc2N1)C(=O)Nc1ccc(F)cc1","MolPort-000-682-778",100,100,"https://www.molport.com/shop/molecule-link/MolPort-000-682-778"
"NNC(=O)C12CC3CC(C1)CC(C2)(C3)C(C)C","EXACT","FOUND","Search completed!","CC(C)C12CC3CC(C1)CC(C3)(C2)C(=O)NN","MolPort-001-917-460",100,100,"https://www.molport.com/shop/molecule-link/MolPort-001-917-460"
"CC(CC1NC(=O)N(C1=O)CCCCN1C(=O)c2c(C1=O)cccc2)C","EXACT","FOUND","Search completed!","CC(C)CC1NC(=O)N(CCCCN2C(=O)c3ccccc3C2=O)C1=O","MolPort-004-026-913",35,35,"https://www.molport.com/shop/molecule-link/MolPort-004-026-913"
"OC(CN1CCCCC1C)COc1cc(C)ccc1C.Cl","EXACT","FOUND","Search completed!","Cl.CC1CCCCN1CC(O)COc1cc(C)ccc1C","MolPort-004-011-908",50,50,"https://www.molport.com/shop/molecule-link/MolPort-004-011-908"
"Clc1ccc(cc1)OCC(=O)N(C(C)C)Cc1onc(n1)c1cccc(c1)C","EXACT","FOUND","Search completed!","CC(C)N(Cc1nc(no1)-c1cccc(C)c1)C(=O)COc1ccc(Cl)cc1","MolPort-001-607-765",100,100,"https://www.molport.com/shop/molecule-link/MolPort-001-607-765"
"NC(=N)c1ccc(cc1)O","EXACT","FOUND","Search completed!","Cl.NC(=N)c1ccc(O)cc1","MolPort-000-004-255",250000,250000,"https://www.molport.com/shop/molecule-link/MolPort-000-004-255"
"COc1cc2nc(oc(=O)c2cc1OC)c1ccc(cc1)OC(=O)C","EXACT","FOUND","Search completed!","COc1cc2nc(oc(=O)c2cc1OC)-c1ccc(OC(C)=O)cc1","MolPort-001-020-229",200,200,"https://www.molport.com/shop/molecule-link/MolPort-001-020-229"
"CN(CCCc1cc(ccc1O)C(=O)Nc1ccc(cc1)c1ccncc1)C","EXACT","FOUND","Search completed!","Cl.Cl.CN(C)CCCc1cc(ccc1O)C(=O)Nc1ccc(cc1)-c1ccncc1","MolPort-023-275-982",0,50,"https://www.molport.com/shop/molecule-link/MolPort-023-275-982"
"CCc1sc2c(c1)c(ncn2)NC(C(=O)O)C(C)C","EXACT","FOUND","Search completed!","CCc1cc2c(NC(C(C)C)C(O)=O)ncnc2s1","MolPort-001-998-782",5,5,"https://www.molport.com/shop/molecule-link/MolPort-001-998-782"
"[O-]C(=O)C(CCP(=O)(O)C)N.[NH4+]","EXACT","FOUND","Search completed!","[NH4+].[NH4+].CP([O-])(=O)CCC(N)C([O-])=O","MolPort-042-694-200",0,0,"https://www.molport.com/shop/molecule-link/MolPort-042-694-200"
"OC(COCCC12CC3CC(C2)CC(C1)C3)CNC(c1ccccc1)C","EXACT","FOUND","Search completed!","Cl.CC(NCC(O)COCCC12CC3CC(CC(C3)C1)C2)c1ccccc1","MolPort-002-181-595",5,20,"https://www.molport.com/shop/molecule-link/MolPort-002-181-595"
"CCCCN(c1ccccc1)C(=O)CCn1c(=O)oc2c1cccc2","EXACT","FOUND","Search completed!","CCCCN(C(=O)CCn1c2ccccc2oc1=O)c1ccccc1","MolPort-007-634-335",15,15,"https://www.molport.com/shop/molecule-link/MolPort-007-634-335"
"Fc1ccc(cc1)N1C(=O)CC(C1=O)Nc1ccc(c(c1)S(=O)(=O)N(C)C)Cl","EXACT","FOUND","Search completed!","CN(C)S(=O)(=O)c1cc(NC2CC(=O)N(C2=O)c2ccc(F)cc2)ccc1Cl","MolPort-004-036-133",75,75,"https://www.molport.com/shop/molecule-link/MolPort-004-036-133"
"Brc1ccccc1CNC(=O)C(n1nc(C)c2c(c1=O)c1ccccc1s2)C","EXACT","FOUND","Search completed!","CC(C(=O)NCc1ccccc1Br)n1nc(C)c2sc3ccccc3c2c1=O","MolPort-007-718-643",100,100,"https://www.molport.com/shop/molecule-link/MolPort-007-718-643"
"COc1ccc(cc1)n1ccnc(c1=O)SCC(=O)Nc1ccc(cc1F)Cl","EXACT","FOUND","Search completed!","COc1ccc(cc1)-n1ccnc(SCC(=O)Nc2ccc(Cl)cc2F)c1=O","MolPort-005-282-377",200,200,"https://www.molport.com/shop/molecule-link/MolPort-005-282-377"
"COc1ccc(cc1)OCC(CNC(=O)c1c(C)onc1c1ccccc1)O","EXACT","FOUND","Search completed!","COc1ccc(OCC(O)CNC(=O)c2c(C)onc2-c2ccccc2)cc1","MolPort-001-807-706",6000,6000,"https://www.molport.com/shop/molecule-link/MolPort-001-807-706"
"CCOC(=O)NNC(=O)Nc1ccccc1","EXACT","FOUND","Search completed!","CCOC(=O)NNC(=O)Nc1ccccc1","MolPort-001-823-024",1000,1000,"https://www.molport.com/shop/molecule-link/MolPort-001-823-024"
"NNC(=O)CC12CC3CC(C2)CC(C1)C3","EXACT","FOUND","Search completed!","NNC(=O)CC12CC3CC(CC(C3)C1)C2","MolPort-000-870-945",19800,19800,"https://www.molport.com/shop/molecule-link/MolPort-000-870-945"
"CCCc1nnc(s1)NC(=O)c1ccc(cc1)[N+](=O)[O-]","EXACT","FOUND","Search completed!","CCCc1n[nH]\c(=N\C(=O)c2ccc(cc2)[N+]([O-])=O)s1","MolPort-000-808-703",100,100,"https://www.molport.com/shop/molecule-link/MolPort-000-808-703"
"CCC(C(=O)O)Sc1ncccc1Nc1ccccn1","EXACT","FOUND","Search completed!","CCC(Sc1ncccc1Nc1ccccn1)C(O)=O","MolPort-002-817-782",1000,1000,"https://www.molport.com/shop/molecule-link/MolPort-002-817-782"
"COc1ccc(cc1)NC(=O)CC1N(CCCN2CCN(CC2)Cc2ccccc2)C(=S)N(C1=O)c1ccc(cc1)Cl","EXACT","FOUND","Search completed!","COc1ccc(NC(=O)CC2N(CCCN3CCN(Cc4ccccc4)CC3)C(=S)N(C2=O)c2ccc(Cl)cc2)cc1","MolPort-007-591-282",200,200,"https://www.molport.com/shop/molecule-link/MolPort-007-591-282"
"O=C(CN(C(=O)c1ccc(cc1)S(=O)(=O)N1CCCC1)C)Nc1cccc(c1)F","EXACT","FOUND","Search completed!","CN(CC(=O)Nc1cccc(F)c1)C(=O)c1ccc(cc1)S(=O)(=O)N1CCCC1","MolPort-004-120-635",100,100,"https://www.molport.com/shop/molecule-link/MolPort-004-120-635"
"Cc1ccc(cc1)C=NN1CCN(CC1)Cc1ccc(cc1C)C","EXACT","FOUND","Search completed!","Cc1ccc(C=NN2CCN(Cc3ccc(C)cc3C)CC2)cc1","MolPort-007-557-978",100,100,"https://www.molport.com/shop/molecule-link/MolPort-007-557-978"
